X,Y,Z,Label
-0.005,-0.449,500.162,CL
0.493,-0.41,499.964,CL
0.996,-0.333,499.882,CL
1.5,-0.262,499.826,CL
2.003,-0.194,499.671,CL
2.503,-0.127,499.609,CL
3.002,-0.06,499.577,CL
3.501,0.012,499.556,CL
4.0,0.088,499.548,CL
4.499,0.168,499.517,CL
4.996,0.251,499.537,CL
5.493,0.334,499.683,CL
5.989,0.414,499.754,CL
6.484,0.484,499.801,CL
6.978,0.541,499.814,CL
7.471,0.583,499.786,CL
7.963,0.607,499.733,CL
8.457,0.614,499.671,CL
8.953,0.606,499.606,CL
9.452,0.585,499.544,CL
9.954,0.554,499.486,CL
10.458,0.518,499.462,CL
10.964,0.481,499.481,CL
11.47,0.448,499.568,CL
11.977,0.424,499.593,CL
12.483,0.412,499.593,CL
12.987,0.413,499.58,CL
13.491,0.43,499.545,CL
13.994,0.461,499.554,CL
14.496,0.505,499.512,CL
14.998,0.559,499.473,CL
15.499,0.619,499.444,CL
16.0,0.682,499.426,CL
16.5,0.744,499.417,CL
17.0,0.802,499.409,CL
17.499,0.853,499.395,CL
17.997,0.897,499.377,CL
18.493,0.931,499.363,CL
18.989,0.957,499.37,CL
19.484,0.974,499.412,CL
19.98,0.98,499.45,CL
20.478,0.971,499.521,CL
20.978,0.941,499.53,CL
21.48,0.886,499.46,CL
21.983,0.803,499.355,CL
22.486,0.696,499.335,CL
22.99,0.57,499.284,CL
23.494,0.431,499.241,CL
23.998,0.284,499.224,CL
24.501,0.136,499.219,CL
25.004,-0.01,499.241,CL
25.508,-0.147,499.273,CL
26.011,-0.269,499.282,CL
26.513,-0.371,499.243,CL
27.013,-0.453,499.187,CL
27.511,-0.517,499.153,CL
28.008,-0.57,499.144,CL
28.504,-0.616,499.133,CL
29.0,-0.661,499.112,CL
29.497,-0.704,499.087,CL
29.994,-0.745,499.064,CL
30.491,-0.783,499.041,CL
30.989,-0.817,499.017,CL
31.488,-0.846,498.991,CL
31.989,-0.871,498.968,CL
32.49,-0.891,498.963,CL
32.991,-0.903,498.962,CL
33.491,-0.903,498.972,CL
33.99,-0.886,498.95,CL
34.487,-0.849,498.892,CL
34.985,-0.792,498.816,CL
35.485,-0.717,498.798,CL
35.985,-0.628,498.795,CL
36.486,-0.53,498.831,CL
36.988,-0.429,498.972,CL
37.49,-0.328,498.997,CL
37.992,-0.232,499.028,CL
38.495,-0.144,499.099,CL
38.997,-0.071,499.147,CL
39.498,-0.015,499.156,CL
39.999,0.021,499.121,CL
40.5,0.033,499.027,CL
41.0,0.024,498.885,CL
41.5,-0.005,498.653,CL
42.001,-0.049,498.564,CL
42.501,-0.102,498.461,CL
43.002,-0.157,498.424,CL
43.501,-0.209,498.432,CL
44.001,-0.253,498.458,CL
44.5,-0.284,498.53,CL
44.998,-0.297,498.595,CL
45.496,-0.285,498.652,CL
45.993,-0.243,498.608,CL
46.491,-0.167,498.534,CL
46.992,-0.056,498.355,CL
47.499,0.087,498.207,CL
48.013,0.255,498.121,CL
48.53,0.436,498.098,CL
49.048,0.622,498.104,CL
49.565,0.803,498.117,CL
50.079,0.972,498.137,CL
50.59,1.125,498.193,CL
51.096,1.256,498.313,CL
51.594,1.361,498.513,CL
52.082,1.433,498.506,CL
52.561,1.466,498.293,CL
53.036,1.458,498.084,CL
53.513,1.41,497.735,CL
53.999,1.331,497.55,CL
54.493,1.23,497.554,CL
54.994,1.12,497.549,CL
55.495,1.006,497.525,CL
55.993,0.891,497.504,CL
56.49,0.776,497.499,CL
56.988,0.658,497.514,CL
57.488,0.539,497.465,CL
57.99,0.42,497.457,CL
58.491,0.303,497.475,CL
58.991,0.191,497.423,CL
59.492,0.083,497.413,CL
59.995,-0.018,498.124,CL
60.498,-0.113,497.975,CL
61.0,-0.16,497.975,CL
-0.5,1.5,501.69,XS
-0.5,2.0,501.69,XS
-0.5,2.5,500.547,XS
-0.5,3.0,501.172,XS
-0.5,3.5,501.566,XS
0.0,0.0,500.26,XS
0.0,0.5,500.468,XS
0.0,1.0,499.809,XS
0.0,1.5,499.991,XS
0.0,2.0,501.013,XS
0.0,2.5,500.547,XS
0.0,3.0,500.826,XS
0.0,3.5,501.676,XS
0.0,-1.0,499.976,XS
0.0,-3.0,501.69,XS
0.0,-2.5,499.91,XS
0.0,-2.0,499.79,XS
0.0,-1.5,499.831,XS
0.0,-0.5,500.065,XS
0.5,0.0,499.817,XS
0.5,0.5,499.755,XS
0.5,1.0,499.766,XS
0.5,1.5,499.873,XS
0.5,2.0,500.145,XS
0.5,2.5,500.337,XS
0.5,3.0,500.851,XS
0.5,3.5,501.663,XS
0.5,-1.0,500.113,XS
0.5,-3.0,501.676,XS
0.5,-2.5,500.639,XS
0.5,-2.0,500.447,XS
0.5,-1.5,500.436,XS
0.5,-0.5,499.988,XS
1.0,0.0,499.765,XS
1.0,0.5,499.716,XS
1.0,1.0,499.737,XS
1.0,1.5,499.884,XS
1.0,2.0,500.201,XS
1.0,2.5,500.646,XS
1.0,3.0,501.242,XS
1.0,3.5,501.649,XS
1.0,-1.0,500.05,XS
1.0,-2.5,501.367,XS
1.0,-2.0,500.804,XS
1.0,-1.5,500.375,XS
1.0,-0.5,499.927,XS
1.5,0.0,499.699,XS
1.5,0.5,499.674,XS
1.5,1.0,499.721,XS
1.5,1.5,499.895,XS
1.5,2.0,500.254,XS
1.5,2.5,500.702,XS
1.5,3.0,501.268,XS
1.5,-1.0,499.957,XS
1.5,-2.5,501.334,XS
1.5,-2.0,500.726,XS
1.5,-1.5,500.281,XS
1.5,-0.5,499.84,XS
2.0,0.0,499.639,XS
2.0,0.5,499.634,XS
2.0,1.0,499.718,XS
2.0,1.5,499.925,XS
2.0,2.0,500.275,XS
2.0,2.5,500.718,XS
2.0,3.0,501.264,XS
2.0,-1.0,499.848,XS
2.0,-2.5,501.29,XS
2.0,-2.0,500.603,XS
2.0,-1.5,500.155,XS
2.0,-0.5,499.746,XS
2.5,0.0,499.597,XS
2.5,0.5,499.607,XS
2.5,1.0,499.716,XS
2.5,1.5,499.94,XS
2.5,2.0,500.276,XS
2.5,2.5,500.715,XS
2.5,3.0,501.251,XS
2.5,-1.0,499.76,XS
2.5,-2.5,501.209,XS
2.5,-2.0,500.478,XS
2.5,-1.5,500.04,XS
2.5,-0.5,499.673,XS
3.0,0.0,499.568,XS
3.0,0.5,499.585,XS
3.0,1.0,499.706,XS
3.0,1.5,499.938,XS
3.0,2.0,500.193,XS
3.0,2.5,500.948,XS
3.0,3.0,501.596,XS
3.0,-1.0,499.821,XS
3.0,-2.5,501.116,XS
3.0,-2.0,500.768,XS
3.0,-1.5,500.166,XS
3.0,-0.5,499.627,XS
3.5,0.0,499.543,XS
3.5,0.5,499.559,XS
3.5,1.0,499.679,XS
3.5,1.5,499.911,XS
3.5,2.0,500.193,XS
3.5,2.5,500.906,XS
3.5,3.0,501.583,XS
3.5,-1.0,499.801,XS
3.5,-2.5,501.609,XS
3.5,-2.0,500.697,XS
3.5,-1.5,500.148,XS
3.5,-0.5,499.605,XS
4.0,0.0,499.523,XS
4.0,0.5,499.529,XS
4.0,1.0,499.634,XS
4.0,1.5,499.856,XS
4.0,2.0,500.1,XS
4.0,2.5,500.352,XS
4.0,3.0,501.569,XS
4.0,-1.0,499.824,XS
4.0,-2.5,501.596,XS
4.0,-2.0,500.68,XS
4.0,-1.5,500.189,XS
4.0,-0.5,499.607,XS
4.5,0.0,499.517,XS
4.5,0.5,499.502,XS
4.5,1.0,499.57,XS
4.5,1.5,499.77,XS
4.5,2.0,499.914,XS
4.5,2.5,500.352,XS
4.5,3.0,500.799,XS
4.5,-1.0,499.906,XS
4.5,-2.5,501.583,XS
4.5,-2.0,500.723,XS
4.5,-1.5,500.432,XS
4.5,-0.5,499.645,XS
5.0,0.0,499.539,XS
5.0,0.5,499.484,XS
5.0,1.0,499.481,XS
5.0,1.5,499.637,XS
5.0,2.0,499.734,XS
5.0,2.5,500.122,XS
5.0,3.0,500.799,XS
5.0,-1.0,500.177,XS
5.0,-2.0,501.143,XS
5.0,-1.5,500.547,XS
5.0,-0.5,499.839,XS
5.5,0.0,499.683,XS
5.5,0.5,499.523,XS
5.5,1.0,499.467,XS
5.5,1.5,499.453,XS
5.5,2.0,499.669,XS
5.5,2.5,499.928,XS
5.5,3.0,500.597,XS
5.5,-1.0,500.274,XS
5.5,-2.0,501.165,XS
5.5,-1.5,500.62,XS
5.5,-0.5,499.936,XS
6.0,0.0,499.761,XS
6.0,0.5,499.57,XS
6.0,1.0,499.467,XS
6.0,1.5,499.453,XS
6.0,2.0,499.467,XS
6.0,2.5,499.864,XS
6.0,3.0,500.442,XS
6.0,-1.0,500.547,XS
6.0,-2.0,501.543,XS
6.0,-1.5,500.929,XS
6.0,-0.5,500.185,XS
6.5,0.0,499.947,XS
6.5,0.5,499.613,XS
6.5,1.0,499.481,XS
6.5,1.5,499.442,XS
6.5,2.0,499.467,XS
6.5,2.5,499.59,XS
6.5,3.0,500.406,XS
6.5,-1.0,500.592,XS
6.5,-1.5,501.194,XS
6.5,-0.5,500.245,XS
7.0,0.0,499.973,XS
7.0,0.5,499.73,XS
7.0,1.0,499.487,XS
7.0,1.5,499.431,XS
7.0,2.0,499.445,XS
7.0,2.5,499.59,XS
7.0,3.0,499.983,XS
7.0,-1.0,500.797,XS
7.0,-1.5,501.196,XS
7.0,-0.5,500.27,XS
7.5,0.0,499.956,XS
7.5,0.5,499.714,XS
7.5,1.0,499.537,XS
7.5,1.5,499.424,XS
7.5,2.0,499.423,XS
7.5,2.5,499.589,XS
7.5,3.0,499.983,XS
7.5,-1.0,500.777,XS
7.5,-1.5,501.176,XS
7.5,-0.5,500.415,XS
8.0,0.0,500.049,XS
8.0,0.5,499.674,XS
8.0,1.0,499.508,XS
8.0,1.5,499.426,XS
8.0,2.0,499.423,XS
8.0,2.5,499.625,XS
8.0,3.0,500.042,XS
8.0,3.5,501.477,XS
8.0,-1.0,500.737,XS
8.0,-1.5,501.477,XS
8.0,-0.5,500.369,XS
8.5,0.0,499.983,XS
8.5,0.5,499.621,XS
8.5,1.0,499.476,XS
8.5,1.5,499.422,XS
8.5,2.0,499.436,XS
8.5,2.5,499.695,XS
8.5,3.0,500.143,XS
8.5,3.5,501.464,XS
8.5,-1.0,500.684,XS
8.5,-1.5,501.464,XS
8.5,-0.5,500.305,XS
9.0,0.0,499.901,XS
9.0,0.5,499.563,XS
9.0,1.0,499.448,XS
9.0,1.5,499.428,XS
9.0,2.0,499.473,XS
9.0,2.5,499.804,XS
9.0,3.0,500.283,XS
9.0,3.5,501.45,XS
9.0,-1.0,500.618,XS
9.0,-1.5,501.03,XS
9.0,-0.5,500.224,XS
9.5,0.0,499.594,XS
9.5,0.5,499.507,XS
9.5,1.0,499.436,XS
9.5,1.5,499.443,XS
9.5,2.0,499.547,XS
9.5,2.5,499.963,XS
9.5,3.0,500.46,XS
9.5,3.5,501.437,XS
9.5,-1.0,500.534,XS
9.5,-1.5,501.03,XS
9.5,-0.5,500.125,XS
10.0,0.0,499.594,XS
10.0,0.5,499.466,XS
10.0,1.0,499.446,XS
10.0,1.5,499.499,XS
10.0,2.0,499.806,XS
10.0,2.5,500.167,XS
10.0,3.0,500.657,XS
10.0,3.5,501.424,XS
10.0,-1.0,500.433,XS
10.0,-1.5,500.975,XS
10.0,-0.5,499.695,XS
10.5,0.0,499.516,XS
10.5,0.5,499.458,XS
10.5,1.0,499.472,XS
10.5,1.5,499.673,XS
10.5,2.0,499.932,XS
10.5,2.5,500.287,XS
10.5,3.0,500.734,XS
10.5,-1.0,499.861,XS
10.5,-1.5,500.317,XS
10.5,-0.5,499.695,XS
11.0,0.0,499.485,XS
11.0,0.5,499.471,XS
11.0,1.0,499.581,XS
11.0,1.5,499.766,XS
11.0,2.0,500.031,XS
11.0,2.5,500.37,XS
11.0,3.0,501.005,XS
11.0,-1.0,499.861,XS
11.0,-2.0,501.397,XS
11.0,-1.5,500.317,XS
11.0,-0.5,499.602,XS
11.5,0.0,499.484,XS
11.5,0.5,499.518,XS
11.5,1.0,499.641,XS
11.5,1.5,499.839,XS
11.5,2.0,500.102,XS
11.5,2.5,500.607,XS
11.5,3.0,501.009,XS
11.5,-1.0,499.605,XS
11.5,-2.0,501.383,XS
11.5,-1.5,500.186,XS
11.5,-0.5,499.5,XS
12.0,0.0,499.493,XS
12.0,0.5,499.549,XS
12.0,1.0,499.684,XS
12.0,1.5,499.886,XS
12.0,2.0,500.294,XS
12.0,2.5,500.628,XS
12.0,3.0,501.005,XS
12.0,-1.0,499.605,XS
12.0,-2.0,501.37,XS
12.0,-1.5,499.843,XS
12.0,-0.5,499.5,XS
12.5,0.0,499.501,XS
12.5,0.5,499.565,XS
12.5,1.0,499.704,XS
12.5,1.5,500.027,XS
12.5,2.0,500.306,XS
12.5,2.5,500.63,XS
12.5,3.0,500.993,XS
12.5,-1.0,499.593,XS
12.5,-2.0,501.356,XS
12.5,-1.5,499.843,XS
12.5,-0.5,499.503,XS
13.0,0.0,499.501,XS
13.0,0.5,499.562,XS
13.0,1.0,499.79,XS
13.0,1.5,500.016,XS
13.0,2.0,500.292,XS
13.0,2.5,500.613,XS
13.0,3.0,501.343,XS
13.0,-1.0,499.598,XS
13.0,-2.0,500.452,XS
13.0,-1.5,499.849,XS
13.0,-0.5,499.505,XS
13.5,0.0,499.496,XS
13.5,0.5,499.593,XS
13.5,1.0,499.751,XS
13.5,1.5,499.972,XS
13.5,2.0,500.249,XS
13.5,2.5,500.755,XS
13.5,3.0,501.329,XS
13.5,-1.0,499.623,XS
13.5,-2.0,500.452,XS
13.5,-1.5,499.894,XS
13.5,-0.5,499.509,XS
14.0,0.0,499.488,XS
14.0,0.5,499.548,XS
14.0,1.0,499.689,XS
14.0,1.5,499.902,XS
14.0,2.0,500.342,XS
14.0,2.5,500.708,XS
14.0,3.0,501.316,XS
14.0,-1.0,499.673,XS
14.0,-2.0,501.316,XS
14.0,-1.5,499.978,XS
14.0,-0.5,499.523,XS
14.5,0.0,499.477,XS
14.5,0.5,499.46,XS
14.5,1.0,499.615,XS
14.5,1.5,499.813,XS
14.5,2.0,500.255,XS
14.5,2.5,500.64,XS
14.5,3.0,501.289,XS
14.5,-0.5,499.555,XS
14.5,-2.0,501.302,XS
14.5,-1.5,500.085,XS
14.5,-1.0,499.749,XS
15.0,0.0,499.482,XS
15.0,0.5,499.46,XS
15.0,1.0,499.544,XS
15.0,1.5,499.723,XS
15.0,2.0,499.891,XS
15.0,2.5,500.576,XS
15.0,3.0,501.276,XS
15.0,-1.0,499.845,XS
15.0,-2.0,501.302,XS
15.0,-1.5,500.443,XS
15.0,-0.5,499.607,XS
15.5,0.0,499.503,XS
15.5,0.5,499.44,XS
15.5,1.0,499.421,XS
15.5,1.5,499.633,XS
15.5,2.0,499.891,XS
15.5,2.5,500.491,XS
15.5,3.0,501.262,XS
15.5,-1.0,500.11,XS
15.5,-2.0,501.289,XS
15.5,-1.5,500.531,XS
15.5,-0.5,499.668,XS
16.0,0.0,499.524,XS
16.0,0.5,499.431,XS
16.0,1.0,499.421,XS
16.0,1.5,499.429,XS
16.0,2.0,499.768,XS
16.0,2.5,500.007,XS
16.0,3.0,501.249,XS
16.0,-1.0,500.152,XS
16.0,-2.0,501.276,XS
16.0,-1.5,500.78,XS
16.0,-0.5,499.835,XS
16.5,0.0,499.63,XS
16.5,0.5,499.427,XS
16.5,1.0,499.404,XS
16.5,1.5,499.429,XS
16.5,2.0,499.673,XS
16.5,2.5,500.007,XS
16.5,3.0,501.236,XS
16.5,-1.0,500.179,XS
16.5,-1.5,500.783,XS
16.5,-0.5,499.867,XS
17.0,0.0,499.643,XS
17.0,0.5,499.422,XS
17.0,1.0,499.381,XS
17.0,1.5,499.396,XS
17.0,2.0,499.478,XS
17.0,2.5,499.933,XS
17.0,3.0,500.446,XS
17.0,-1.0,500.375,XS
17.0,-1.5,500.781,XS
17.0,-0.5,499.885,XS
17.5,0.0,499.633,XS
17.5,0.5,499.463,XS
17.5,1.0,499.36,XS
17.5,1.5,499.372,XS
17.5,2.0,499.478,XS
17.5,2.5,499.893,XS
17.5,3.0,500.446,XS
17.5,-1.0,500.364,XS
17.5,-1.5,501.222,XS
17.5,-0.5,500.023,XS
18.0,0.0,499.611,XS
18.0,0.5,499.442,XS
18.0,1.0,499.341,XS
18.0,1.5,499.323,XS
18.0,2.0,499.46,XS
18.0,2.5,499.668,XS
18.0,3.0,500.431,XS
18.0,-1.0,500.536,XS
18.0,-1.5,501.209,XS
18.0,-0.5,500.001,XS
18.5,0.0,499.712,XS
18.5,0.5,499.428,XS
18.5,1.0,499.336,XS
18.5,1.5,499.323,XS
18.5,2.0,499.436,XS
18.5,2.5,499.668,XS
18.5,3.0,500.4,XS
18.5,-1.0,500.52,XS
18.5,-1.5,501.196,XS
18.5,-0.5,499.988,XS
19.0,0.0,499.739,XS
19.0,0.5,499.443,XS
19.0,1.0,499.335,XS
19.0,1.5,499.309,XS
19.0,2.0,499.384,XS
19.0,2.5,499.588,XS
19.0,3.0,500.308,XS
19.0,-1.0,500.524,XS
19.0,-0.5,500.012,XS
19.5,0.0,499.812,XS
19.5,0.5,499.502,XS
19.5,1.0,499.365,XS
19.5,1.5,499.295,XS
19.5,2.0,499.319,XS
19.5,2.5,499.464,XS
19.5,3.0,500.132,XS
19.5,-1.0,500.549,XS
19.5,-0.5,500.225,XS
20.0,0.0,499.909,XS
20.0,0.5,499.593,XS
20.0,1.0,499.431,XS
20.0,1.5,499.291,XS
20.0,2.0,499.283,XS
20.0,2.5,499.35,XS
20.0,3.0,499.91,XS
20.0,-1.0,500.58,XS
20.0,-0.5,500.217,XS
20.5,0.0,499.983,XS
20.5,0.5,499.671,XS
20.5,1.0,499.498,XS
20.5,1.5,499.315,XS
20.5,2.0,499.274,XS
20.5,2.5,499.293,XS
20.5,3.0,499.737,XS
20.5,-1.0,500.597,XS
20.5,-1.5,501.143,XS
20.5,-0.5,500.217,XS
21.0,0.0,499.809,XS
21.0,0.5,499.682,XS
21.0,1.0,499.508,XS
21.0,1.5,499.318,XS
21.0,2.0,499.266,XS
21.0,2.5,499.278,XS
21.0,3.0,499.691,XS
21.0,-1.0,500.412,XS
21.0,-1.5,500.654,XS
21.0,-0.5,500.218,XS
21.5,0.0,499.809,XS
21.5,0.5,499.61,XS
21.5,1.0,499.301,XS
21.5,1.5,499.282,XS
21.5,2.0,499.261,XS
21.5,2.5,499.296,XS
21.5,3.0,499.738,XS
21.5,-1.0,500.088,XS
21.5,-1.5,500.654,XS
21.5,-0.5,500.155,XS
22.0,0.0,499.691,XS
22.0,0.5,499.325,XS
22.0,1.0,499.301,XS
22.0,1.5,499.252,XS
22.0,2.0,499.261,XS
22.0,2.5,499.429,XS
22.0,3.0,499.785,XS
22.0,-1.0,500.088,XS
22.0,-2.0,501.089,XS
22.0,-1.5,500.352,XS
22.0,-0.5,499.801,XS
22.5,0.0,499.378,XS
22.5,0.5,499.325,XS
22.5,1.0,499.251,XS
22.5,1.5,499.245,XS
22.5,2.0,499.283,XS
22.5,2.5,499.487,XS
22.5,3.0,499.979,XS
22.5,-0.5,499.691,XS
22.5,-2.0,500.51,XS
22.5,-1.5,500.078,XS
22.5,-1.0,499.732,XS
23.0,0.0,499.378,XS
23.0,0.5,499.265,XS
23.0,1.0,499.239,XS
23.0,1.5,499.26,XS
23.0,2.0,499.306,XS
23.0,2.5,499.647,XS
23.0,3.0,500.175,XS
23.0,-1.0,499.732,XS
23.0,-2.5,501.049,XS
23.0,-2.0,500.51,XS
23.0,-1.5,500.078,XS
23.0,-0.5,499.474,XS
23.5,0.0,499.307,XS
23.5,0.5,499.233,XS
23.5,1.0,499.231,XS
23.5,1.5,499.303,XS
23.5,2.0,499.382,XS
23.5,2.5,499.763,XS
23.5,3.0,500.323,XS
23.5,-0.5,499.463,XS
23.5,-2.5,501.035,XS
23.5,-2.0,499.941,XS
23.5,-1.5,499.55,XS
23.5,-1.0,499.326,XS
24.0,0.0,499.221,XS
24.0,0.5,499.222,XS
24.0,1.0,499.25,XS
24.0,1.5,499.337,XS
24.0,2.0,499.478,XS
24.0,2.5,499.763,XS
24.0,3.0,500.268,XS
24.0,-1.0,499.326,XS
24.0,-2.5,500.027,XS
24.0,-2.0,499.524,XS
24.0,-1.5,499.293,XS
24.0,-0.5,499.224,XS
24.5,0.0,499.211,XS
24.5,0.5,499.252,XS
24.5,1.0,499.372,XS
24.5,1.5,499.372,XS
24.5,2.0,499.583,XS
24.5,2.5,499.883,XS
24.5,3.0,500.268,XS
24.5,-0.5,499.224,XS
24.5,-2.5,499.575,XS
24.5,-2.0,499.293,XS
24.5,-1.5,499.293,XS
24.5,-1.0,499.235,XS
25.0,0.0,499.219,XS
25.0,0.5,499.308,XS
25.0,1.0,499.416,XS
25.0,1.5,499.565,XS
25.0,2.0,499.687,XS
25.0,2.5,499.977,XS
25.0,3.0,500.297,XS
25.0,3.5,501.049,XS
25.0,-1.0,499.192,XS
25.0,-3.0,499.817,XS
25.0,-2.5,499.575,XS
25.0,-2.0,499.293,XS
25.0,-1.5,499.228,XS
25.0,-0.5,499.202,XS
25.5,0.0,499.294,XS
25.5,0.5,499.359,XS
25.5,1.0,499.459,XS
25.5,1.5,499.664,XS
25.5,2.0,499.784,XS
25.5,2.5,500.055,XS
25.5,3.0,500.326,XS
25.5,3.5,501.035,XS
25.5,-1.0,499.192,XS
25.5,-3.0,499.817,XS
25.5,-2.5,499.423,XS
25.5,-2.0,499.267,XS
25.5,-1.5,499.184,XS
25.5,-0.5,499.209,XS
26.0,0.0,499.297,XS
26.0,0.5,499.364,XS
26.0,1.0,499.524,XS
26.0,1.5,499.73,XS
26.0,2.0,499.846,XS
26.0,2.5,500.101,XS
26.0,3.0,500.365,XS
26.0,3.5,500.534,XS
26.0,-1.0,499.18,XS
26.0,-3.5,500.982,XS
26.0,-3.0,499.762,XS
26.0,-2.5,499.423,XS
26.0,-2.0,499.304,XS
26.0,-1.5,499.184,XS
26.0,-0.5,499.206,XS
26.5,0.0,499.252,XS
26.5,0.5,499.384,XS
26.5,1.0,499.469,XS
26.5,1.5,499.735,XS
26.5,2.0,499.849,XS
26.5,2.5,500.098,XS
26.5,3.0,500.185,XS
26.5,3.5,500.534,XS
26.5,-1.0,499.172,XS
26.5,-3.5,500.194,XS
26.5,-3.0,499.762,XS
26.5,-2.5,499.556,XS
26.5,-2.0,499.3,XS
26.5,-1.5,499.187,XS
26.5,-0.5,499.208,XS
27.0,0.0,499.191,XS
27.0,0.5,499.292,XS
27.0,1.0,499.367,XS
27.0,1.5,499.671,XS
27.0,2.0,499.786,XS
27.0,2.5,500.044,XS
27.0,3.0,500.185,XS
27.0,3.5,500.519,XS
27.0,4.0,500.995,XS
27.0,-1.0,499.164,XS
27.0,-3.5,500.194,XS
27.0,-3.0,499.843,XS
27.0,-2.5,499.542,XS
27.0,-2.0,499.3,XS
27.0,-1.5,499.227,XS
27.0,-0.5,499.167,XS
27.5,0.0,499.153,XS
27.5,0.5,499.211,XS
27.5,1.0,499.271,XS
27.5,1.5,499.561,XS
27.5,2.0,499.678,XS
27.5,2.5,499.95,XS
27.5,3.0,500.104,XS
27.5,3.5,500.444,XS
27.5,4.0,500.968,XS
27.5,-1.0,499.181,XS
27.5,-3.5,500.273,XS
27.5,-3.0,499.924,XS
27.5,-2.5,499.542,XS
27.5,-2.0,499.408,XS
27.5,-1.5,499.23,XS
27.5,-0.5,499.14,XS
28.0,0.0,499.141,XS
28.0,0.5,499.164,XS
28.0,1.0,499.21,XS
28.0,1.5,499.366,XS
28.0,2.0,499.56,XS
28.0,2.5,499.84,XS
28.0,3.0,500.005,XS
28.0,3.5,500.384,XS
28.0,4.0,500.955,XS
28.0,-1.0,499.209,XS
28.0,-4.0,500.928,XS
28.0,-3.5,500.281,XS
28.0,-3.0,499.841,XS
28.0,-2.5,499.643,XS
28.0,-2.0,499.495,XS
28.0,-1.5,499.279,XS
28.0,-0.5,499.14,XS
28.5,0.0,499.123,XS
28.5,0.5,499.141,XS
28.5,1.0,499.245,XS
28.5,1.5,499.331,XS
28.5,2.0,499.44,XS
28.5,2.5,499.761,XS
28.5,3.0,499.934,XS
28.5,3.5,500.342,XS
28.5,4.0,500.942,XS
28.5,-1.0,499.21,XS
28.5,-4.0,500.915,XS
28.5,-3.5,500.241,XS
28.5,-3.0,499.841,XS
28.5,-2.5,499.663,XS
28.5,-2.0,499.347,XS
28.5,-1.5,499.286,XS
28.5,-0.5,499.128,XS
29.0,0.0,499.106,XS
29.0,0.5,499.128,XS
29.0,1.0,499.239,XS
29.0,1.5,499.327,XS
29.0,2.0,499.436,XS
29.0,2.5,499.724,XS
29.0,3.0,499.899,XS
29.0,3.5,500.315,XS
29.0,4.0,500.928,XS
29.0,-1.0,499.1,XS
29.0,-4.0,500.902,XS
29.0,-3.5,499.933,XS
29.0,-3.0,499.793,XS
29.0,-2.5,499.617,XS
29.0,-2.0,499.347,XS
29.0,-1.5,499.25,XS
29.0,-0.5,499.107,XS
29.5,0.0,499.091,XS
29.5,0.5,499.119,XS
29.5,1.0,499.24,XS
29.5,1.5,499.331,XS
29.5,2.0,499.574,XS
29.5,2.5,499.719,XS
29.5,3.0,499.893,XS
29.5,3.5,500.301,XS
29.5,4.0,500.915,XS
29.5,-1.0,499.1,XS
29.5,-4.0,500.889,XS
29.5,-3.5,499.933,XS
29.5,-3.0,499.724,XS
29.5,-2.5,499.359,XS
29.5,-2.0,499.291,XS
29.5,-1.5,499.203,XS
29.5,-0.5,499.084,XS
30.0,0.0,499.073,XS
30.0,0.5,499.106,XS
30.0,1.0,499.232,XS
30.0,1.5,499.326,XS
30.0,2.0,499.569,XS
30.0,2.5,499.724,XS
30.0,3.0,499.894,XS
30.0,3.5,500.29,XS
30.0,4.0,500.902,XS
30.0,-1.0,499.073,XS
30.0,-4.0,500.117,XS
30.0,-3.5,499.882,XS
30.0,-3.0,499.672,XS
30.0,-2.5,499.359,XS
30.0,-2.0,499.248,XS
30.0,-1.5,499.165,XS
30.0,-0.5,499.062,XS
30.5,0.0,499.05,XS
30.5,0.5,499.137,XS
30.5,1.0,499.211,XS
30.5,1.5,499.305,XS
30.5,2.0,499.549,XS
30.5,2.5,499.699,XS
30.5,3.0,499.887,XS
30.5,3.5,500.276,XS
30.5,4.0,500.889,XS
30.5,-0.5,499.038,XS
30.5,-4.0,500.117,XS
30.5,-3.5,499.857,XS
30.5,-3.0,499.453,XS
30.5,-2.5,499.333,XS
30.5,-2.0,499.223,XS
30.5,-1.5,499.059,XS
30.5,-1.0,499.049,XS
31.0,0.0,499.025,XS
31.0,0.5,499.112,XS
31.0,1.0,499.186,XS
31.0,1.5,499.28,XS
31.0,2.0,499.525,XS
31.0,2.5,499.676,XS
31.0,3.0,499.844,XS
31.0,3.5,500.256,XS
31.0,4.0,500.875,XS
31.0,-0.5,499.014,XS
31.0,-4.0,500.098,XS
31.0,-3.5,499.838,XS
31.0,-3.0,499.453,XS
31.0,-2.5,499.312,XS
31.0,-2.0,499.201,XS
31.0,-1.5,499.059,XS
31.0,-1.0,499.025,XS
31.5,0.0,499.005,XS
31.5,0.5,499.098,XS
31.5,1.0,499.175,XS
31.5,1.5,499.271,XS
31.5,2.0,499.517,XS
31.5,2.5,499.667,XS
31.5,3.0,499.834,XS
31.5,3.5,500.219,XS
31.5,4.0,500.862,XS
31.5,-1.0,498.996,XS
31.5,-4.5,500.849,XS
31.5,-4.0,500.054,XS
31.5,-3.5,499.787,XS
31.5,-3.0,499.403,XS
31.5,-2.5,499.265,XS
31.5,-2.0,499.158,XS
31.5,-1.5,499.025,XS
31.5,-0.5,498.989,XS
32.0,0.0,498.997,XS
32.0,0.5,499.108,XS
32.0,1.0,499.191,XS
32.0,1.5,499.289,XS
32.0,2.0,499.535,XS
32.0,2.5,499.68,XS
32.0,3.0,499.84,XS
32.0,3.5,500.202,XS
32.0,4.0,500.835,XS
32.0,-1.0,498.964,XS
32.0,-4.5,500.835,XS
32.0,-4.0,499.95,XS
32.0,-3.5,499.672,XS
32.0,-3.0,499.299,XS
32.0,-2.5,499.174,XS
32.0,-2.0,499.081,XS
32.0,-1.5,498.979,XS
32.0,-0.5,498.97,XS
32.5,0.0,499.014,XS
32.5,0.5,499.149,XS
32.5,1.0,499.239,XS
32.5,1.5,499.457,XS
32.5,2.0,499.584,XS
32.5,2.5,499.723,XS
32.5,3.0,500.033,XS
32.5,3.5,500.203,XS
32.5,4.0,500.822,XS
32.5,-1.0,498.945,XS
32.5,-4.5,500.822,XS
32.5,-4.0,499.798,XS
32.5,-3.5,499.158,XS
32.5,-3.0,499.164,XS
32.5,-2.5,499.062,XS
32.5,-2.0,498.914,XS
32.5,-1.5,498.939,XS
32.5,-0.5,498.971,XS
33.0,0.0,499.122,XS
33.0,0.5,499.205,XS
33.0,1.0,499.299,XS
33.0,1.5,499.517,XS
33.0,2.0,499.639,XS
33.0,2.5,499.769,XS
33.0,3.0,500.052,XS
33.0,3.5,500.204,XS
33.0,4.0,500.809,XS
33.0,-1.0,498.949,XS
33.0,-4.5,500.809,XS
33.0,-4.0,499.623,XS
33.0,-3.5,499.158,XS
33.0,-3.0,499.042,XS
33.0,-2.5,498.968,XS
33.0,-2.0,498.914,XS
33.0,-1.5,498.922,XS
33.0,-0.5,498.993,XS
33.5,0.0,499.059,XS
33.5,0.5,499.241,XS
33.5,1.0,499.337,XS
33.5,1.5,499.42,XS
33.5,2.0,499.669,XS
33.5,2.5,499.793,XS
33.5,3.0,499.896,XS
33.5,3.5,500.198,XS
33.5,4.0,500.795,XS
33.5,-1.0,498.957,XS
33.5,-4.5,500.795,XS
33.5,-4.0,499.49,XS
33.5,-3.5,499.059,XS
33.5,-3.0,498.964,XS
33.5,-2.5,498.912,XS
33.5,-2.0,498.891,XS
33.5,-1.5,498.872,XS
33.5,-0.5,499.011,XS
34.0,0.0,499.059,XS
34.0,0.5,499.222,XS
34.0,1.0,499.317,XS
34.0,1.5,499.42,XS
34.0,2.0,499.646,XS
34.0,2.5,499.71,XS
34.0,3.0,499.845,XS
34.0,3.5,500.135,XS
34.0,4.0,500.769,XS
34.0,-1.0,498.937,XS
34.0,-4.5,500.782,XS
34.0,-4.0,499.45,XS
34.0,-3.5,499.18,XS
34.0,-3.0,498.935,XS
34.0,-2.5,498.886,XS
34.0,-2.0,498.867,XS
34.0,-1.5,498.872,XS
34.0,-0.5,498.992,XS
34.5,0.0,498.993,XS
34.5,0.5,498.967,XS
34.5,1.0,499.245,XS
34.5,1.5,499.238,XS
34.5,2.0,499.238,XS
34.5,2.5,499.615,XS
34.5,3.0,499.761,XS
34.5,3.5,500.082,XS
34.5,4.0,500.755,XS
34.5,-1.0,498.815,XS
34.5,-4.5,500.782,XS
34.5,-4.0,499.483,XS
34.5,-3.5,499.207,XS
34.5,-3.0,499.062,XS
34.5,-2.5,498.885,XS
34.5,-2.0,498.85,XS
34.5,-1.5,498.842,XS
34.5,-0.5,498.932,XS
35.0,0.0,498.904,XS
35.0,0.5,498.967,XS
35.0,1.0,498.939,XS
35.0,1.5,499.122,XS
35.0,2.0,499.238,XS
35.0,2.5,499.261,XS
35.0,3.0,499.675,XS
35.0,3.5,499.777,XS
35.0,4.0,500.729,XS
35.0,-0.5,498.788,XS
35.0,-4.0,499.517,XS
35.0,-3.5,499.234,XS
35.0,-3.0,499.107,XS
35.0,-2.5,498.984,XS
35.0,-2.0,498.859,XS
35.0,-1.5,498.825,XS
35.0,-1.0,498.815,XS
35.5,0.0,498.759,XS
35.5,0.5,498.873,XS
35.5,1.0,498.848,XS
35.5,1.5,498.83,XS
35.5,2.0,499.127,XS
35.5,2.5,499.261,XS
35.5,3.0,499.586,XS
35.5,3.5,499.694,XS
35.5,4.0,499.805,XS
35.5,-1.0,498.801,XS
35.5,-4.0,500.755,XS
35.5,-3.5,499.348,XS
35.5,-3.0,499.153,XS
35.5,-2.5,499.015,XS
35.5,-2.0,498.992,XS
35.5,-1.5,498.838,XS
35.5,-0.5,498.788,XS
36.0,0.0,498.759,XS
36.0,0.5,498.73,XS
36.0,1.0,498.7,XS
36.0,1.5,498.83,XS
36.0,2.0,498.803,XS
36.0,2.5,499.149,XS
36.0,3.0,499.144,XS
36.0,3.5,499.538,XS
36.0,4.0,499.805,XS
36.0,-1.0,498.814,XS
36.0,-4.0,500.742,XS
36.0,-3.5,499.77,XS
36.0,-3.0,499.489,XS
36.0,-2.5,499.115,XS
36.0,-2.0,499.082,XS
36.0,-1.5,498.966,XS
36.0,-0.5,498.775,XS
36.5,0.0,498.745,XS
36.5,0.5,498.73,XS
36.5,1.0,498.7,XS
36.5,1.5,498.67,XS
36.5,2.0,498.803,XS
36.5,2.5,498.777,XS
36.5,3.0,499.144,XS
36.5,3.5,499.457,XS
36.5,4.0,499.669,XS
36.5,-1.0,498.933,XS
36.5,-3.5,500.729,XS
36.5,-3.0,499.618,XS
36.5,-2.5,499.405,XS
36.5,-2.0,499.228,XS
36.5,-1.5,499.043,XS
36.5,-0.5,498.784,XS
37.0,0.0,498.747,XS
37.0,0.5,498.712,XS
37.0,1.0,498.681,XS
37.0,1.5,498.67,XS
37.0,2.0,498.64,XS
37.0,2.5,498.777,XS
37.0,3.0,498.993,XS
37.0,3.5,498.995,XS
37.0,4.0,499.586,XS
37.0,-1.0,499.09,XS
37.0,-3.5,500.715,XS
37.0,-3.0,499.945,XS
37.0,-2.5,499.514,XS
37.0,-2.0,499.333,XS
37.0,-1.5,499.225,XS
37.0,-0.5,498.878,XS
37.5,0.0,498.835,XS
37.5,0.5,498.714,XS
37.5,1.0,498.682,XS
37.5,1.5,498.651,XS
37.5,2.0,498.64,XS
37.5,2.5,498.686,XS
37.5,3.0,498.85,XS
37.5,3.5,498.995,XS
37.5,4.0,499.503,XS
37.5,-1.0,499.146,XS
37.5,-3.0,500.702,XS
37.5,-2.5,499.742,XS
37.5,-2.0,499.551,XS
37.5,-1.5,499.431,XS
37.5,-0.5,499.026,XS
38.0,0.0,498.878,XS
38.0,0.5,498.798,XS
38.0,1.0,498.683,XS
38.0,1.5,498.652,XS
38.0,2.0,498.61,XS
38.0,2.5,498.621,XS
38.0,3.0,498.6,XS
38.0,3.5,498.852,XS
38.0,4.0,499.334,XS
38.0,-1.0,499.333,XS
38.0,-3.0,500.689,XS
38.0,-2.5,499.964,XS
38.0,-2.0,499.595,XS
38.0,-1.5,499.476,XS
38.0,-0.5,499.081,XS
38.5,0.0,499.024,XS
38.5,0.5,498.837,XS
38.5,1.0,498.762,XS
38.5,1.5,498.655,XS
38.5,2.0,498.588,XS
38.5,2.5,498.582,XS
38.5,3.0,498.6,XS
38.5,3.5,498.746,XS
38.5,4.0,499.191,XS
38.5,4.5,500.648,XS
38.5,-1.0,499.379,XS
38.5,-2.5,500.675,XS
38.5,-2.0,499.793,XS
38.5,-1.5,499.657,XS
38.5,-0.5,499.252,XS
39.0,0.0,499.062,XS
39.0,0.5,498.87,XS
39.0,1.0,498.788,XS
39.0,1.5,498.659,XS
39.0,2.0,498.579,XS
39.0,2.5,498.568,XS
39.0,3.0,498.581,XS
39.0,3.5,498.714,XS
39.0,4.0,499.103,XS
39.0,4.5,500.635,XS
39.0,-1.0,499.538,XS
39.0,-2.5,500.662,XS
39.0,-2.0,499.964,XS
39.0,-1.5,499.673,XS
39.0,-0.5,499.287,XS
39.5,0.0,499.073,XS
39.5,0.5,498.972,XS
39.5,1.0,498.794,XS
39.5,1.5,498.656,XS
39.5,2.0,498.571,XS
39.5,2.5,498.555,XS
39.5,3.0,498.563,XS
39.5,3.5,498.683,XS
39.5,4.0,499.099,XS
39.5,4.5,500.622,XS
39.5,-1.0,499.541,XS
39.5,-2.0,499.945,XS
39.5,-1.5,499.806,XS
39.5,-0.5,499.295,XS
40.0,0.0,499.048,XS
40.0,0.5,498.781,XS
40.0,1.0,498.767,XS
40.0,1.5,498.628,XS
40.0,2.0,498.544,XS
40.0,2.5,498.53,XS
40.0,3.0,498.539,XS
40.0,3.5,498.665,XS
40.0,4.0,499.095,XS
40.0,4.5,500.622,XS
40.0,-1.0,499.523,XS
40.0,-2.0,499.935,XS
40.0,-1.5,499.606,XS
40.0,-0.5,499.274,XS
40.5,0.0,498.976,XS
40.5,0.5,498.781,XS
40.5,1.0,498.549,XS
40.5,1.5,498.573,XS
40.5,2.0,498.51,XS
40.5,2.5,498.509,XS
40.5,3.0,498.534,XS
40.5,3.5,498.698,XS
40.5,4.0,499.165,XS
40.5,-1.0,499.233,XS
40.5,-2.0,499.904,XS
40.5,-1.5,499.606,XS
40.5,-0.5,499.206,XS
41.0,0.0,498.865,XS
41.0,0.5,498.678,XS
41.0,1.0,498.549,XS
41.0,1.5,498.476,XS
41.0,2.0,498.488,XS
41.0,2.5,498.514,XS
41.0,3.0,498.659,XS
41.0,3.5,498.797,XS
41.0,4.0,499.31,XS
41.0,-1.0,499.233,XS
41.0,-2.5,500.595,XS
41.0,-2.0,499.613,XS
41.0,-1.5,499.53,XS
41.0,-0.5,498.841,XS
41.5,0.0,498.531,XS
41.5,0.5,498.452,XS
41.5,1.0,498.479,XS
41.5,1.5,498.466,XS
41.5,2.0,498.51,XS
41.5,2.5,498.572,XS
41.5,3.0,498.726,XS
41.5,3.5,499.094,XS
41.5,4.0,499.402,XS
41.5,-1.0,498.824,XS
41.5,-2.5,499.761,XS
41.5,-2.0,499.613,XS
41.5,-1.5,499.133,XS
41.5,-0.5,498.841,XS
42.0,0.0,498.531,XS
42.0,0.5,498.452,XS
42.0,1.0,498.45,XS
42.0,1.5,498.472,XS
42.0,2.0,498.594,XS
42.0,2.5,498.745,XS
42.0,3.0,498.793,XS
42.0,3.5,499.189,XS
42.0,4.0,499.494,XS
42.0,-1.0,498.824,XS
42.0,-3.0,500.555,XS
42.0,-2.5,499.761,XS
42.0,-2.0,499.136,XS
42.0,-1.5,498.788,XS
42.0,-0.5,498.494,XS
42.5,0.0,498.424,XS
42.5,0.5,498.431,XS
42.5,1.0,498.468,XS
42.5,1.5,498.598,XS
42.5,2.0,498.697,XS
42.5,2.5,498.825,XS
42.5,3.0,498.985,XS
42.5,3.5,499.405,XS
42.5,4.0,500.568,XS
42.5,-1.0,498.466,XS
42.5,-3.0,500.541,XS
42.5,-2.5,499.163,XS
42.5,-2.0,499.136,XS
42.5,-1.5,498.788,XS
42.5,-0.5,498.494,XS
43.0,0.0,498.414,XS
43.0,0.5,498.455,XS
43.0,1.0,498.508,XS
43.0,1.5,498.669,XS
43.0,2.0,498.902,XS
43.0,2.5,498.962,XS
43.0,3.0,499.312,XS
43.0,3.5,499.519,XS
43.0,4.0,500.555,XS
43.0,-1.0,498.466,XS
43.0,-3.0,499.378,XS
43.0,-2.5,499.163,XS
43.0,-2.0,498.615,XS
43.0,-1.5,498.629,XS
43.0,-0.5,498.408,XS
43.5,0.0,498.44,XS
43.5,0.5,498.491,XS
43.5,1.0,498.641,XS
43.5,1.5,498.739,XS
43.5,2.0,498.975,XS
43.5,2.5,499.043,XS
43.5,3.0,499.371,XS
43.5,3.5,499.558,XS
43.5,4.0,500.541,XS
43.5,-1.0,498.407,XS
43.5,-3.5,500.515,XS
43.5,-3.0,499.289,XS
43.5,-2.5,498.602,XS
43.5,-2.0,498.615,XS
43.5,-1.5,498.385,XS
43.5,-0.5,498.396,XS
44.0,0.0,498.481,XS
44.0,0.5,498.627,XS
44.0,1.0,498.718,XS
44.0,1.5,498.932,XS
44.0,2.0,499.053,XS
44.0,2.5,499.318,XS
44.0,3.0,499.417,XS
44.0,3.5,499.765,XS
44.0,4.0,500.528,XS
44.0,-1.0,498.378,XS
44.0,-3.5,500.515,XS
44.0,-3.0,499.086,XS
44.0,-2.5,498.602,XS
44.0,-2.0,498.36,XS
44.0,-1.5,498.385,XS
44.0,-0.5,498.394,XS
44.5,0.0,498.555,XS
44.5,0.5,498.721,XS
44.5,1.0,498.815,XS
44.5,1.5,499.024,XS
44.5,2.0,499.136,XS
44.5,2.5,499.375,XS
44.5,3.0,499.631,XS
44.5,3.5,499.764,XS
44.5,-1.0,498.388,XS
44.5,-3.5,500.501,XS
44.5,-3.0,498.427,XS
44.5,-2.5,498.453,XS
44.5,-2.0,498.36,XS
44.5,-1.5,498.363,XS
44.5,-0.5,498.487,XS
45.0,0.0,498.656,XS
45.0,0.5,498.831,XS
45.0,1.0,499.022,XS
45.0,1.5,499.122,XS
45.0,2.0,499.33,XS
45.0,2.5,499.437,XS
45.0,3.0,499.656,XS
45.0,3.5,499.767,XS
45.0,-1.0,498.441,XS
45.0,-3.5,500.488,XS
45.0,-3.0,498.427,XS
45.0,-2.5,498.355,XS
45.0,-2.0,498.337,XS
45.0,-1.5,498.389,XS
45.0,-0.5,498.576,XS
45.5,0.0,498.724,XS
45.5,0.5,498.898,XS
45.5,1.0,499.08,XS
45.5,1.5,499.174,XS
45.5,2.0,499.363,XS
45.5,2.5,499.459,XS
45.5,3.0,499.628,XS
45.5,3.5,500.461,XS
45.5,-1.0,498.491,XS
45.5,-3.5,500.475,XS
45.5,-3.0,498.344,XS
45.5,-2.5,498.315,XS
45.5,-2.0,498.33,XS
45.5,-1.5,498.425,XS
45.5,-0.5,498.642,XS
46.0,0.0,498.686,XS
46.0,0.5,498.861,XS
46.0,1.0,499.045,XS
46.0,1.5,499.106,XS
46.0,2.0,499.215,XS
46.0,2.5,499.44,XS
46.0,3.0,499.674,XS
46.0,-1.0,498.454,XS
46.0,-3.5,500.475,XS
46.0,-3.0,498.335,XS
46.0,-2.5,498.303,XS
46.0,-2.0,498.316,XS
46.0,-1.5,498.39,XS
46.0,-0.5,498.604,XS
46.5,0.0,498.533,XS
46.5,0.5,498.705,XS
46.5,1.0,498.699,XS
46.5,1.5,498.81,XS
46.5,2.0,499.054,XS
46.5,2.5,499.324,XS
46.5,3.0,499.552,XS
46.5,-1.0,498.333,XS
46.5,-3.5,500.461,XS
46.5,-3.0,498.466,XS
46.5,-2.5,498.29,XS
46.5,-2.0,498.296,XS
46.5,-1.5,498.29,XS
46.5,-0.5,498.251,XS
47.0,0.0,498.179,XS
47.0,0.5,498.248,XS
47.0,1.0,498.392,XS
47.0,1.5,498.6,XS
47.0,2.0,498.866,XS
47.0,2.5,499.185,XS
47.0,3.0,500.408,XS
47.0,-0.5,498.197,XS
47.0,-3.0,498.604,XS
47.0,-2.5,498.388,XS
47.0,-2.0,498.262,XS
47.0,-1.5,498.264,XS
47.0,-1.0,498.226,XS
47.5,0.0,498.179,XS
47.5,0.5,498.248,XS
47.5,1.0,498.292,XS
47.5,1.5,498.394,XS
47.5,2.0,498.667,XS
47.5,2.5,499.028,XS
47.5,3.0,500.394,XS
47.5,-1.0,498.222,XS
47.5,-3.0,500.435,XS
47.5,-2.5,498.861,XS
47.5,-2.0,498.401,XS
47.5,-1.5,498.245,XS
47.5,-0.5,498.176,XS
48.0,0.0,498.12,XS
48.0,0.5,498.103,XS
48.0,1.0,498.059,XS
48.0,1.5,498.191,XS
48.0,2.0,498.424,XS
48.0,2.5,499.035,XS
48.0,3.0,500.38,XS
48.0,-1.0,498.246,XS
48.0,-3.0,500.435,XS
48.0,-2.5,499.63,XS
48.0,-2.0,498.824,XS
48.0,-1.5,498.441,XS
48.0,-0.5,498.227,XS
48.5,0.0,498.162,XS
48.5,0.5,498.068,XS
48.5,1.0,498.053,XS
48.5,1.5,498.004,XS
48.5,2.0,498.203,XS
48.5,2.5,498.772,XS
48.5,3.0,500.38,XS
48.5,-1.0,498.488,XS
48.5,-2.5,500.421,XS
48.5,-2.0,499.364,XS
48.5,-1.5,498.846,XS
48.5,-0.5,498.257,XS
49.0,0.0,498.298,XS
49.0,0.5,498.115,XS
49.0,1.0,497.996,XS
49.0,1.5,497.952,XS
49.0,2.0,498.044,XS
49.0,2.5,498.13,XS
49.0,3.0,500.366,XS
49.0,-0.5,498.482,XS
49.0,-2.0,500.408,XS
49.0,-1.5,499.463,XS
49.0,-1.0,498.809,XS
49.5,0.0,498.553,XS
49.5,0.5,498.227,XS
49.5,1.0,497.993,XS
49.5,1.5,497.934,XS
49.5,2.0,497.88,XS
49.5,2.5,498.13,XS
49.5,-1.0,499.26,XS
49.5,-1.5,500.394,XS
49.5,-0.5,498.707,XS
50.0,0.0,498.603,XS
50.0,0.5,498.38,XS
50.0,1.0,497.99,XS
50.0,1.5,497.872,XS
50.0,2.0,497.84,XS
50.0,2.5,498.037,XS
50.0,-1.0,500.366,XS
50.0,-0.5,499.093,XS
50.5,0.0,498.795,XS
50.5,0.5,498.586,XS
50.5,1.0,498.121,XS
50.5,1.5,497.886,XS
50.5,2.0,497.815,XS
50.5,2.5,497.945,XS
50.5,-0.5,499.472,XS
51.0,0.0,499.165,XS
51.0,0.5,498.839,XS
51.0,1.0,498.36,XS
51.0,1.5,497.963,XS
51.0,2.0,497.756,XS
51.0,2.5,497.776,XS
51.0,-0.5,500.339,XS
51.5,0.0,499.361,XS
51.5,0.5,499.085,XS
51.5,1.0,498.659,XS
51.5,1.5,498.237,XS
51.5,2.0,497.779,XS
51.5,2.5,497.707,XS
52.0,0.0,499.508,XS
52.0,0.5,499.059,XS
52.0,1.0,498.627,XS
52.0,1.5,498.2,XS
52.0,2.0,497.813,XS
52.0,2.5,497.662,XS
52.5,0.0,499.417,XS
52.5,0.5,499.035,XS
52.5,1.0,498.599,XS
52.5,1.5,498.168,XS
52.5,2.0,497.596,XS
52.5,2.5,497.625,XS
53.0,0.0,499.138,XS
53.0,0.5,498.439,XS
53.0,1.0,497.902,XS
53.0,1.5,497.597,XS
53.0,2.0,497.596,XS
53.0,2.5,497.605,XS
53.5,0.0,498.549,XS
53.5,0.5,498.017,XS
53.5,1.0,497.607,XS
53.5,1.5,497.597,XS
53.5,2.0,497.572,XS
53.5,2.5,497.831,XS
53.5,-0.5,498.894,XS
54.0,0.0,498.191,XS
54.0,0.5,497.735,XS
54.0,1.0,497.533,XS
54.0,1.5,497.55,XS
54.0,2.0,497.69,XS
54.0,2.5,498.191,XS
54.0,-0.5,498.582,XS
54.0,-1.0,500.235,XS
54.5,0.0,497.948,XS
54.5,0.5,497.538,XS
54.5,1.0,497.533,XS
54.5,1.5,497.559,XS
54.5,2.0,497.833,XS
54.5,2.5,498.72,XS
54.5,-1.0,498.84,XS
54.5,-0.5,498.118,XS
55.0,0.0,497.788,XS
55.0,0.5,497.538,XS
55.0,1.0,497.515,XS
55.0,1.5,497.637,XS
55.0,2.0,498.056,XS
55.0,2.5,498.755,XS
55.0,-1.0,498.559,XS
55.0,-0.5,497.931,XS
55.5,0.0,497.66,XS
55.5,0.5,497.481,XS
55.5,1.0,497.497,XS
55.5,1.5,497.611,XS
55.5,2.0,498.023,XS
55.5,2.5,498.791,XS
55.5,-1.0,498.288,XS
55.5,-1.5,499.098,XS
55.5,-0.5,497.931,XS
56.0,0.0,497.544,XS
56.0,0.5,497.471,XS
56.0,1.0,497.484,XS
56.0,1.5,497.685,XS
56.0,2.0,498.192,XS
56.0,2.5,498.757,XS
56.0,-1.0,498.015,XS
56.0,-2.0,500.181,XS
56.0,-1.5,498.745,XS
56.0,-0.5,497.898,XS
56.5,0.0,497.462,XS
56.5,0.5,497.464,XS
56.5,1.0,497.51,XS
56.5,1.5,497.686,XS
56.5,2.0,498.203,XS
56.5,2.5,498.719,XS
56.5,-1.0,498.015,XS
56.5,-2.0,498.979,XS
56.5,-1.5,498.365,XS
56.5,-0.5,497.696,XS
57.0,0.0,497.462,XS
57.0,0.5,497.449,XS
57.0,1.0,497.518,XS
57.0,1.5,497.863,XS
57.0,2.0,498.227,XS
57.0,2.5,498.728,XS
57.0,-1.0,497.691,XS
57.0,-2.0,498.979,XS
57.0,-1.5,498.365,XS
57.0,-0.5,497.533,XS
57.5,0.0,497.439,XS
57.5,0.5,497.44,XS
57.5,1.0,497.533,XS
57.5,1.5,497.895,XS
57.5,2.0,498.251,XS
57.5,2.5,498.767,XS
57.5,-0.5,497.533,XS
57.5,-2.0,498.484,XS
57.5,-1.5,497.968,XS
57.5,-1.0,497.691,XS
58.0,0.0,497.423,XS
58.0,0.5,497.435,XS
58.0,1.0,497.547,XS
58.0,1.5,497.921,XS
58.0,2.0,498.28,XS
58.0,2.5,498.779,XS
58.0,3.0,500.155,XS
58.0,-1.0,497.64,XS
58.0,-2.5,500.128,XS
58.0,-2.0,498.484,XS
58.0,-1.5,497.968,XS
58.0,-0.5,497.492,XS
58.5,0.0,497.412,XS
58.5,0.5,497.432,XS
58.5,1.0,497.659,XS
58.5,1.5,497.939,XS
58.5,2.0,498.303,XS
58.5,2.5,498.786,XS
58.5,3.0,500.141,XS
58.5,-1.0,497.606,XS
58.5,-2.5,498.767,XS
58.5,-2.0,498.126,XS
58.5,-1.5,497.726,XS
58.5,-0.5,497.461,XS
59.0,0.0,497.404,XS
59.0,0.5,497.482,XS
59.0,1.0,497.665,XS
59.0,1.5,497.789,XS
59.0,2.0,498.317,XS
59.0,2.5,498.788,XS
59.0,3.0,500.128,XS
59.0,-1.0,497.493,XS
59.0,-2.5,498.767,XS
59.0,-2.0,498.126,XS
59.0,-1.5,497.726,XS
59.0,-0.5,497.398,XS
59.5,0.0,497.396,XS
59.5,0.5,497.477,XS
59.5,1.0,497.66,XS
59.5,1.5,497.789,XS
59.5,2.0,498.115,XS
59.5,2.5,498.529,XS
59.5,3.0,499.028,XS
59.5,-1.0,497.493,XS
59.5,-2.5,497.471,XS
59.5,-2.0,497.388,XS
59.5,-1.5,497.461,XS
59.5,-0.5,497.398,XS
60.0,0.0,498.02,XS
60.0,0.5,498.231,XS
60.0,1.0,498.337,XS
60.0,1.5,497.941,XS
60.0,2.0,498.115,XS
60.0,2.5,498.529,XS
60.0,3.0,499.028,XS
60.0,-1.0,497.623,XS
60.0,-3.0,500.074,XS
60.0,-2.5,497.466,XS
60.0,-2.0,497.383,XS
60.0,-1.5,497.455,XS
60.0,-0.5,497.815,XS
60.5,0.0,498.006,XS
60.5,0.5,498.216,XS
60.5,1.0,498.321,XS
60.5,1.5,498.533,XS
60.5,2.0,498.762,XS
60.5,2.5,498.973,XS
60.5,3.0,499.183,XS
60.5,-1.0,497.611,XS
60.5,-3.0,500.061,XS
60.5,-2.5,497.46,XS
60.5,-2.0,497.378,XS
60.5,-1.5,497.45,XS
60.5,-0.5,497.803,XS
61.0,0.0,500.061,XS
61.0,0.5,500.061,XS
61.0,1.0,500.061,XS
61.0,1.5,500.061,XS
61.0,2.0,500.061,XS
61.0,2.5,499.059,XS
61.0,3.0,499.163,XS
61.0,-0.5,500.061,XS
61.0,-1.5,500.061,XS
61.0,-1.0,500.061,XS
-0.5,3.5,501.69,RB
-0.5,3.0,501.69,RB
-0.5,2.5,501.69,RB
-0.5,2.0,501.69,RB
0.0,3.5,501.676,RB
0.0,1.0,501.69,RB
0.5,3.5,501.663,RB
1.0,3.5,501.649,RB
1.5,3.0,501.636,RB
2.0,3.0,501.623,RB
2.5,3.0,501.609,RB
3.0,3.0,501.596,RB
3.5,3.0,501.583,RB
4.0,3.0,501.569,RB
4.5,3.0,501.556,RB
5.0,3.0,501.543,RB
5.5,3.0,501.53,RB
6.0,3.0,501.516,RB
6.5,3.0,501.503,RB
7.0,3.0,501.503,RB
7.5,3.0,501.49,RB
8.0,3.5,501.477,RB
8.5,3.5,501.464,RB
9.0,3.5,501.45,RB
9.5,3.5,501.437,RB
10.0,3.5,501.424,RB
10.5,3.0,501.41,RB
11.0,3.0,501.397,RB
11.5,3.0,501.383,RB
12.0,3.0,501.37,RB
12.5,3.0,501.356,RB
13.0,3.0,501.343,RB
13.5,3.0,501.329,RB
14.0,3.0,501.316,RB
14.5,3.0,501.289,RB
15.0,3.0,501.276,RB
15.5,3.0,501.262,RB
16.0,3.0,501.249,RB
16.5,3.0,501.236,RB
17.0,3.0,501.236,RB
17.5,3.0,501.222,RB
18.0,3.0,501.209,RB
18.5,3.0,501.196,RB
19.0,3.0,501.182,RB
19.5,3.0,501.169,RB
20.0,3.0,501.156,RB
20.5,3.0,501.143,RB
21.0,3.0,501.129,RB
21.5,3.0,501.116,RB
22.0,3.0,501.116,RB
22.5,3.0,501.103,RB
23.0,3.0,501.089,RB
23.5,3.0,501.076,RB
24.0,3.0,501.062,RB
24.5,3.0,501.062,RB
25.0,3.5,501.049,RB
25.5,3.5,501.035,RB
26.0,3.5,501.022,RB
26.5,3.5,501.008,RB
27.0,4.0,500.995,RB
27.5,4.0,500.968,RB
28.0,4.0,500.955,RB
28.5,4.0,500.942,RB
29.0,4.0,500.928,RB
29.5,4.0,500.915,RB
30.0,4.0,500.902,RB
30.5,4.0,500.889,RB
31.0,4.0,500.875,RB
31.5,4.0,500.862,RB
32.0,4.0,500.835,RB
32.5,4.0,500.822,RB
33.0,4.0,500.809,RB
33.5,4.0,500.795,RB
34.0,4.0,500.769,RB
34.5,4.0,500.755,RB
35.0,4.0,500.729,RB
35.5,4.0,500.715,RB
36.0,4.0,500.702,RB
36.5,4.0,500.689,RB
37.0,4.0,500.675,RB
37.5,4.0,500.675,RB
38.0,4.0,500.662,RB
38.5,4.5,500.648,RB
39.0,4.5,500.635,RB
39.5,4.5,500.622,RB
40.0,4.5,500.622,RB
40.5,4.0,500.608,RB
41.0,4.0,500.595,RB
41.5,4.0,500.581,RB
42.0,4.0,500.581,RB
42.5,4.0,500.568,RB
43.0,4.0,500.555,RB
43.5,4.0,500.541,RB
44.0,4.0,500.528,RB
44.5,3.5,500.501,RB
45.0,3.5,500.488,RB
45.5,3.5,500.461,RB
46.0,3.0,500.448,RB
46.5,3.0,500.421,RB
47.0,3.0,500.408,RB
47.5,3.0,500.394,RB
48.0,3.0,500.38,RB
48.5,3.0,500.38,RB
49.0,3.0,500.366,RB
49.5,2.5,500.352,RB
50.0,2.5,500.339,RB
50.5,2.5,500.339,RB
51.0,2.5,500.325,RB
51.5,2.5,500.312,RB
52.0,2.5,500.299,RB
52.5,2.5,500.286,RB
53.0,2.5,500.273,RB
53.5,2.5,500.261,RB
54.0,2.5,500.248,RB
54.5,2.5,500.235,RB
55.0,2.5,500.235,RB
55.5,2.5,500.221,RB
56.0,2.5,500.208,RB
56.5,2.5,500.194,RB
57.0,2.5,500.181,RB
57.5,2.5,500.168,RB
58.0,3.0,500.155,RB
58.5,3.0,500.141,RB
59.0,3.0,500.128,RB
59.5,3.0,500.114,RB
60.0,3.0,500.101,RB
60.5,3.0,500.088,RB
61.0,3.0,500.074,RB
61.0,2.5,500.061,RB
61.0,2.0,500.061,RB
61.0,1.5,500.061,RB
0.0,-3.0,501.69,RB
0.0,-2.5,501.69,RB
0.0,-2.0,501.69,RB
0.5,-3.0,501.676,RB
1.0,-2.5,501.676,RB
1.5,-2.5,501.663,RB
2.0,-2.5,501.649,RB
2.5,-2.5,501.636,RB
3.0,-2.5,501.623,RB
3.5,-2.5,501.609,RB
4.0,-2.5,501.596,RB
4.5,-2.5,501.583,RB
5.0,-2.0,501.569,RB
5.5,-2.0,501.556,RB
6.0,-2.0,501.543,RB
6.5,-1.5,501.53,RB
7.0,-1.5,501.503,RB
7.5,-1.5,501.49,RB
8.0,-1.5,501.477,RB
8.5,-1.5,501.464,RB
9.0,-1.5,501.45,RB
9.5,-1.5,501.437,RB
10.0,-1.5,501.424,RB
10.5,-1.5,501.41,RB
11.0,-2.0,501.397,RB
11.5,-2.0,501.383,RB
12.0,-2.0,501.37,RB
12.5,-2.0,501.356,RB
13.0,-2.0,501.343,RB
13.5,-2.0,501.329,RB
14.0,-2.0,501.316,RB
14.5,-2.0,501.302,RB
15.0,-2.0,501.302,RB
15.5,-2.0,501.289,RB
16.0,-2.0,501.276,RB
16.5,-1.5,501.262,RB
17.0,-1.5,501.249,RB
17.5,-1.5,501.222,RB
18.0,-1.5,501.209,RB
18.5,-1.5,501.196,RB
19.0,-1.0,501.182,RB
19.5,-1.0,501.169,RB
20.0,-1.0,501.156,RB
20.5,-1.5,501.143,RB
21.0,-1.5,501.116,RB
21.5,-1.5,501.103,RB
22.0,-2.0,501.089,RB
22.5,-2.0,501.076,RB
23.0,-2.5,501.049,RB
23.5,-2.5,501.035,RB
24.0,-2.5,501.035,RB
24.5,-2.5,501.022,RB
25.0,-3.0,501.008,RB
25.5,-3.0,500.995,RB
26.0,-3.5,500.982,RB
26.5,-3.5,500.968,RB
27.0,-3.5,500.955,RB
27.5,-3.5,500.942,RB
28.0,-4.0,500.928,RB
28.5,-4.0,500.915,RB
29.0,-4.0,500.902,RB
29.5,-4.0,500.889,RB
30.0,-4.0,500.875,RB
30.5,-4.0,500.875,RB
31.0,-4.0,500.862,RB
31.5,-4.5,500.849,RB
32.0,-4.5,500.835,RB
32.5,-4.5,500.822,RB
33.0,-4.5,500.809,RB
33.5,-4.5,500.795,RB
34.0,-4.5,500.782,RB
34.5,-4.5,500.782,RB
35.0,-4.0,500.769,RB
35.5,-4.0,500.755,RB
36.0,-4.0,500.742,RB
36.5,-3.5,500.729,RB
37.0,-3.5,500.715,RB
37.5,-3.0,500.702,RB
38.0,-3.0,500.689,RB
38.5,-2.5,500.675,RB
39.0,-2.5,500.662,RB
39.5,-2.0,500.635,RB
40.0,-2.0,500.622,RB
40.5,-2.0,500.608,RB
41.0,-2.5,500.595,RB
41.5,-2.5,500.581,RB
42.0,-3.0,500.555,RB
42.5,-3.0,500.541,RB
43.0,-3.0,500.528,RB
43.5,-3.5,500.515,RB
44.0,-3.5,500.515,RB
44.5,-3.5,500.501,RB
45.0,-3.5,500.488,RB
45.5,-3.5,500.475,RB
46.0,-3.5,500.475,RB
46.5,-3.5,500.461,RB
47.0,-3.0,500.448,RB
47.5,-3.0,500.435,RB
48.0,-3.0,500.435,RB
48.5,-2.5,500.421,RB
49.0,-2.0,500.408,RB
49.5,-1.5,500.394,RB
50.0,-1.0,500.366,RB
50.5,-0.5,500.352,RB
51.0,-0.5,500.339,RB
51.5,0.0,500.325,RB
52.0,0.0,500.312,RB
52.5,0.0,500.286,RB
53.0,0.0,500.273,RB
53.5,-0.5,500.248,RB
54.0,-1.0,500.235,RB
54.5,-1.0,500.221,RB
55.0,-1.0,500.208,RB
55.5,-1.5,500.194,RB
56.0,-2.0,500.181,RB
56.5,-2.0,500.168,RB
57.0,-2.0,500.155,RB
57.5,-2.0,500.141,RB
58.0,-2.5,500.128,RB
58.5,-2.5,500.114,RB
59.0,-2.5,500.101,RB
59.5,-2.5,500.088,RB
60.0,-3.0,500.074,RB
60.5,-3.0,500.061,RB
60.5,-2.5,500.074,RB
60.5,-2.0,500.074,RB
0.0,7.0,506.69,VL
0.5,14.5,506.69,VL
1.0,14.5,506.676,VL
1.5,14.0,506.663,VL
2.0,14.0,506.65,VL
2.5,14.0,506.636,VL
3.0,14.0,506.623,VL
3.5,14.0,506.596,VL
4.0,14.0,506.583,VL
4.5,14.0,506.569,VL
5.0,14.0,506.556,VL
5.5,14.0,506.543,VL
6.0,14.0,506.529,VL
6.5,14.0,506.503,VL
7.0,14.0,506.489,VL
7.5,14.0,506.476,VL
8.0,14.5,506.463,VL
8.5,14.5,506.436,VL
9.0,14.5,506.423,VL
9.5,14.5,506.409,VL
10.0,14.5,506.396,VL
10.5,14.5,506.383,VL
11.0,14.5,506.369,VL
11.5,14.5,506.356,VL
12.0,14.5,506.356,VL
12.5,14.5,506.343,VL
13.0,14.5,506.329,VL
13.5,14.5,506.316,VL
14.0,14.5,506.316,VL
14.5,14.5,506.302,VL
15.0,14.5,506.289,VL
15.5,14.5,506.276,VL
16.0,14.5,506.262,VL
16.5,14.5,506.249,VL
17.0,14.5,506.236,VL
17.5,14.5,506.222,VL
18.0,14.5,506.209,VL
18.5,14.5,506.196,VL
19.0,14.5,506.182,VL
19.5,14.5,506.156,VL
20.0,14.5,506.142,VL
20.5,14.5,506.129,VL
21.0,14.5,506.116,VL
21.5,14.5,506.102,VL
22.0,14.5,506.089,VL
22.5,14.5,506.076,VL
23.0,14.5,506.062,VL
23.5,14.5,506.049,VL
24.0,14.5,506.035,VL
24.5,14.5,506.022,VL
25.0,14.5,506.009,VL
25.5,14.5,505.995,VL
26.0,14.5,505.982,VL
26.5,14.5,505.969,VL
27.0,15.0,505.955,VL
27.5,15.0,505.955,VL
28.0,15.0,505.942,VL
28.5,15.0,505.929,VL
29.0,15.0,505.915,VL
29.5,15.0,505.902,VL
30.0,15.0,505.889,VL
30.5,15.0,505.875,VL
31.0,15.0,505.862,VL
31.5,15.0,505.849,VL
32.0,15.0,505.835,VL
32.5,14.5,505.822,VL
33.0,14.5,505.809,VL
33.5,14.5,505.795,VL
34.0,14.5,505.782,VL
34.5,14.5,505.768,VL
35.0,14.5,505.755,VL
35.5,14.5,505.742,VL
36.0,14.5,505.728,VL
36.5,14.5,505.728,VL
37.0,14.5,505.715,VL
37.5,14.5,505.702,VL
38.0,14.5,505.688,VL
38.5,14.5,505.675,VL
39.0,14.5,505.662,VL
39.5,14.5,505.635,VL
40.0,14.5,505.622,VL
40.5,14.5,505.608,VL
41.0,14.5,505.595,VL
41.5,14.5,505.582,VL
42.0,14.5,505.568,VL
42.5,14.5,505.555,VL
43.0,14.5,505.542,VL
43.5,14.5,505.528,VL
44.0,14.5,505.515,VL
44.5,14.5,505.501,VL
45.0,14.5,505.488,VL
45.5,14.5,505.475,VL
46.0,14.5,505.461,VL
46.5,14.5,505.461,VL
47.0,14.5,505.448,VL
47.5,14.5,505.435,VL
48.0,14.5,505.421,VL
48.5,14.5,505.421,VL
49.0,14.5,505.408,VL
49.5,14.5,505.395,VL
50.0,14.5,505.381,VL
50.5,14.5,505.368,VL
51.0,14.5,505.355,VL
51.5,14.5,505.341,VL
52.0,14.5,505.328,VL
52.5,14.5,505.315,VL
53.0,14.0,505.288,VL
53.5,14.0,505.275,VL
54.0,14.0,505.248,VL
54.5,14.0,505.234,VL
55.0,14.0,505.221,VL
55.5,14.0,505.208,VL
56.0,14.0,505.194,VL
56.5,14.0,505.181,VL
57.0,14.0,505.168,VL
57.5,14.0,505.154,VL
58.0,14.0,505.141,VL
58.5,14.5,505.128,VL
59.0,14.5,505.101,VL
59.5,14.5,505.088,VL
60.0,14.5,505.074,VL
60.5,14.5,505.061,VL
61.0,14.5,505.061,VL
-0.5,-14.5,506.69,VL
0.0,-14.5,506.676,VL
0.5,-14.5,506.663,VL
1.0,-15.0,506.65,VL
1.5,-15.0,506.636,VL
2.0,-15.0,506.623,VL
2.5,-15.0,506.61,VL
3.0,-15.0,506.61,VL
3.5,-15.0,506.596,VL
4.0,-15.0,506.583,VL
4.5,-15.0,506.569,VL
5.0,-15.0,506.556,VL
5.5,-15.0,506.543,VL
6.0,-15.0,506.529,VL
6.5,-15.0,506.516,VL
7.0,-15.0,506.516,VL
7.5,-15.0,506.503,VL
8.0,-15.0,506.489,VL
8.5,-14.5,506.476,VL
9.0,-14.5,506.463,VL
9.5,-14.5,506.449,VL
10.0,-14.5,506.449,VL
10.5,-14.5,506.436,VL
11.0,-14.5,506.423,VL
11.5,-14.5,506.409,VL
12.0,-14.5,506.396,VL
12.5,-14.5,506.383,VL
13.0,-14.5,506.369,VL
13.5,-14.5,506.343,VL
14.0,-14.5,506.329,VL
14.5,-14.5,506.302,VL
15.0,-14.5,506.289,VL
15.5,-14.5,506.276,VL
16.0,-14.5,506.262,VL
16.5,-14.5,506.249,VL
17.0,-14.5,506.236,VL
17.5,-14.5,506.222,VL
18.0,-14.5,506.209,VL
18.5,-14.5,506.196,VL
19.0,-14.5,506.182,VL
19.5,-14.5,506.169,VL
20.0,-14.5,506.169,VL
20.5,-14.5,506.156,VL
21.0,-14.5,506.142,VL
21.5,-14.5,506.129,VL
22.0,-14.5,506.116,VL
22.5,-14.5,506.102,VL
23.0,-14.5,506.089,VL
23.5,-14.5,506.076,VL
24.0,-14.5,506.062,VL
24.5,-14.5,506.049,VL
25.0,-14.5,506.035,VL
25.5,-14.5,506.022,VL
26.0,-14.5,506.009,VL
26.5,-14.5,505.995,VL
27.0,-14.5,505.982,VL
27.5,-14.5,505.969,VL
28.0,-14.0,505.942,VL
28.5,-14.0,505.929,VL
29.0,-14.0,505.915,VL
29.5,-14.0,505.902,VL
30.0,-14.0,505.889,VL
30.5,-14.0,505.875,VL
31.0,-14.0,505.862,VL
31.5,-14.0,505.849,VL
32.0,-14.0,505.835,VL
32.5,-14.5,505.822,VL
33.0,-14.5,505.809,VL
33.5,-14.5,505.795,VL
34.0,-14.5,505.782,VL
34.5,-14.5,505.768,VL
35.0,-14.5,505.755,VL
35.5,-14.5,505.742,VL
36.0,-14.5,505.715,VL
36.5,-14.5,505.702,VL
37.0,-14.5,505.688,VL
37.5,-14.5,505.675,VL
38.0,-14.5,505.662,VL
38.5,-14.5,505.648,VL
39.0,-14.5,505.648,VL
39.5,-14.5,505.635,VL
40.0,-14.5,505.622,VL
40.5,-14.5,505.608,VL
41.0,-14.5,505.595,VL
41.5,-14.5,505.582,VL
42.0,-14.5,505.568,VL
42.5,-14.5,505.555,VL
43.0,-14.5,505.542,VL
43.5,-14.5,505.528,VL
44.0,-14.5,505.515,VL
44.5,-14.5,505.501,VL
45.0,-14.5,505.488,VL
45.5,-14.5,505.475,VL
46.0,-14.5,505.448,VL
46.5,-14.5,505.435,VL
47.0,-14.5,505.408,VL
47.5,-14.5,505.395,VL
48.0,-14.5,505.381,VL
48.5,-14.5,505.368,VL
49.0,-14.5,505.355,VL
49.5,-14.5,505.341,VL
50.0,-14.5,505.328,VL
50.5,-14.5,505.315,VL
51.0,-14.5,505.301,VL
51.5,-14.5,505.301,VL
52.0,-15.0,505.288,VL
52.5,-15.0,505.275,VL
53.0,-15.0,505.261,VL
53.5,-15.0,505.261,VL
54.0,-15.0,505.248,VL
54.5,-15.0,505.234,VL
55.0,-15.0,505.221,VL
55.5,-15.0,505.208,VL
56.0,-15.0,505.194,VL
56.5,-15.0,505.181,VL
57.0,-15.0,505.168,VL
57.5,-15.0,505.154,VL
58.0,-15.0,505.141,VL
58.5,-14.5,505.128,VL
59.0,-14.5,505.114,VL
59.5,-14.5,505.114,VL
60.0,-14.5,505.101,VL
60.5,-14.5,505.088,VL
61.0,-14.5,505.074,VL
61.5,-7.0,505.048,VL
