,Station,Z_d,W_bf_L,W_bf_R,thal_y
,0.0,1.9286523833625324,22.9609000356,29.4498500421,3.244475003249999
,1.0,1.8754050755441085,22.685594528667888,29.709342600232173,3.511874035782141
,2.0,1.8225439706117186,22.414908247302,29.9644487518363,3.774770252267148
,3.0,1.7700704538698346,22.14880211487003,30.21520588699795,4.033201886063958
,4.0,1.7179859106232698,21.887237054739643,30.461651395802654,4.287207170531505
,5.0,1.666291726176837,21.630173990278543,30.703822668335995,4.536824339028724
,6.0,1.6149892858351222,21.377573844854407,30.941757094683513,4.782091624914552
,7.0,1.564079974903052,21.129397541834916,31.17549206493076,5.023047261547923
,8.0,1.5135651786850985,20.88560600458778,31.40506496916332,5.259729482287771
,9.0,1.4634462824861885,20.646160156480658,31.630513197466723,5.492176520493033
,10.0,1.4137246716110212,20.411020920881246,31.851874139926533,5.720426609522644
,11.0,1.3644017313642962,20.18014922115723,32.06918518662831,5.944517982735539
,12.0,1.3154788470507128,19.953505980676304,32.28248372765761,6.164488873490653
,13.0,1.2669574039750842,19.731052122806158,32.491807153100005,6.380377515146923
,14.0,1.2188387874421096,19.512748570914457,32.697192853041024,6.592222141063282
,15.0,1.1711243827564886,19.298556248368904,32.898678217566236,6.800060984598667
,16.0,1.1238155752229204,19.08843607853718,33.0963006367612,7.003932279112012
,17.0,1.0769137501462183,18.88234898478698,33.29009750071148,7.203874257962252
,18.0,1.0304202928310815,18.680255890485967,33.480106199502615,7.399925154508323
,19.0,0.9843365885822095,18.482117719001856,33.666364123220184,7.592123202109162
,20.0,0.9386640227043017,18.287895393702307,33.848908661949714,7.780506634123703
,21.0,0.8934039805022849,18.097549837955032,34.027777205776786,7.965113683910878
,22.0,0.848557847280631,17.91104197512769,34.20300714478695,8.145982584829628
,23.0,0.8041270083441532,17.728332728587997,34.37463586906577,8.323151570238885
,24.0,0.7601128489975508,17.54938302170362,34.54270076869878,8.496658873497582
,25.0,0.7165167545457507,17.374153777842245,34.707239233771574,8.666542727964663
,26.0,0.6733401102931111,17.202605920371568,34.86828865436967,8.832841366999052
,27.0,0.6305843015447863,17.03470037265928,35.02588642057866,8.99559302395969
,28.0,0.5882507136052482,16.870398058073036,35.180069922484066,9.154835932205513
,29.0,0.5463407317793099,16.709659899980565,35.330876550171475,9.310608325095457
,30.0,0.5048557413716708,16.55244682174952,35.47834369372642,9.462948435988453
,31.0,0.463797127687144,16.398719746747602,35.62250874323448,9.611894498243439
,32.0,0.4231662760302015,16.24843959834249,35.76340908878119,9.757484745219351
,33.0,0.3829645717058838,16.101567299901873,35.90108212045212,9.899757410275125
,34.0,0.34319340001877663,15.95806377479345,36.03556522833283,10.03875072676969
,35.0,0.3038541462735793,15.817889946384899,36.166895802508876,10.17450292806199
,36.0,0.264948195775105,15.681006738043902,36.295111233065796,10.30705224751095
,37.0,0.226476933828053,15.54737507313814,36.42024891008918,10.43643691847552
,38.0,0.1884417457371228,15.41695587503531,36.54234622366455,10.56269517431462
,39.0,0.15084401680701376,15.2897100671031,36.66144056387748,10.68586524838719
,40.0,0.11368513234253896,15.165598572709191,36.77756932081355,10.80598537405218
,41.0,0.07696647764839781,15.044582315221268,36.89076988455827,10.9230937846685
,42.0,0.040689438029289704,14.92662221800702,37.00107964519722,11.0372287135951
,43.0,0.004855398789914034,14.81167920443413,37.10853599281597,11.14842839419092
,44.0,-0.030534254764916113,14.699714197870291,37.21317631750005,11.25673105981488
,45.0,-0.06547813733050134,14.59068812168318,37.31503800933504,11.36217494382593
,46.0,-0.09997486360202856,14.48456189924049,37.41415845840649,11.464798279583
,47.0,-0.13402304827491207,14.38129645390991,37.51057505479993,11.56463930044501
,48.0,-0.16762130604433878,14.28085270905911,37.60432518860097,11.66173623977093
,49.0,-0.2007682516056093,14.183191588055799,37.69544624989512,11.75612733091966
,50.0,-0.2334624996540242,14.088274014267661,37.78397562876796,11.84785080725015
,51.0,-0.26570266488477046,13.996060911062361,37.86995071530504,11.93694490212134
,52.0,-0.2974873619931486,13.906513201807611,37.95340889959193,12.02344784889216
,53.0,-0.328815205674573,13.81959180987107,38.03438757171417,12.10739788092155
,54.0,-0.35968481062400315,13.735257658620439,38.11292412175732,12.18883323156844
,55.0,-0.3900947915370807,13.65347167142342,38.18905593980694,12.26779213419176
,56.0,-0.42004376310876523,13.57419477164768,38.26282041594858,12.34431282215045
,57.0,-0.449530340034471,13.49738788266089,38.33425494026781,12.41843352880346
,58.0,-0.47855313700949864,13.42301192783078,38.40339690285018,12.4901924875097
,59.0,-0.507110768729035,13.351027830525,38.47028369378124,12.55962793162812
,60.0,-0.5352018498884945,13.281396514111252,38.53495270314657,12.62677809451766
,61.0,-0.5628249951829503,13.214078901957219,38.597441321031695,12.69168120953724
,62.0,-0.5899788193078166,13.149035917430579,38.6577869375222,12.75437551004581
,63.0,-0.6166619369582804,13.086228483899031,38.71602694270361,12.81489922940229
,64.0,-0.6428729628296423,13.02561752473026,38.77219872666152,12.87329060096563
,65.0,-0.6686105116170893,12.967163963291942,38.826339679481464,12.92958785809476
,66.0,-0.6938731980160355,12.910828722951768,38.87848719124901,12.98382923414862
,67.0,-0.718659636721668,12.85657272707744,38.9286786520497,13.03605296248613
,68.0,-0.7429684424292873,12.80435689903663,38.976951451969086,13.08629727646623
,69.0,-0.766798229834194,12.75414216219701,39.02334298109275,13.13460040944787
,70.0,-0.7901476136316887,12.7058894399263,39.06789062950624,13.18100059478997
,71.0,-0.8130152085168447,12.65955965559215,39.11063178729511,13.22553606585148
,72.0,-0.83539962918519,12.61511373256227,39.15160384454491,13.26824505599132
,73.0,-0.8572994903317976,12.57251259420434,39.1908441913412,13.30916579856843
,74.0,-0.8787134066519684,12.53171716388605,39.22839021776955,13.34833652694175
,75.0,-0.8996399928410028,12.49268836497508,39.2642793139155,13.38579547447021
,76.0,-0.9200778635943152,12.455387120839118,39.29854886986462,13.42158087451275
,77.0,-0.9400256336069788,12.419774354845861,39.33123627570246,13.4557309604283
,78.0,-0.9594819175744078,12.38581099036298,39.362378921514576,13.4882839655758
,79.0,-0.9784453301916756,12.353457950758159,39.392014197386516,13.51927812331418
,80.0,-0.99691448615431,12.3226761593991,39.42017949340388,13.54875166700239
,81.0,-1.0148880001572707,12.293426539653481,39.44691219965216,13.57674282999934
,82.0,-1.0323644868960855,12.26567001488899,39.47224970621695,13.60328984566398
,83.0,-1.0493425610659415,12.23936750847332,39.49622940318382,13.62843094735525
,84.0,-1.0658208373621392,12.214479943774151,39.51888868063829,13.65220436843207
,85.0,-1.0817979304798655,12.19096824415916,39.54026492866594,13.67464834225339
,86.0,-1.097272455114421,12.16879333299603,39.56039553735233,13.69580110217815
,87.0,-1.1122430259612202,12.147916133652481,39.579317896783,13.71570088156526
,88.0,-1.126708257715336,12.12829756949616,39.59706939704352,13.73438591377368
,89.0,-1.1406667650720692,12.10989856389478,39.61368742821946,13.75189443216234
,90.0,-1.154117162726834,12.092680040216012,39.62920938039633,13.76826467009016
,91.0,-1.1670580653747038,12.07660292182756,39.64367264365974,13.78353486091609
,92.0,-1.1794880877112064,12.0616281320971,39.65711460809522,13.79774323799906
,93.0,-1.1914058444313014,12.0477165943923,39.66957266378832,13.81092803469801
,94.0,-1.2028099502305167,12.034829232080881,39.68108420082462,13.82312748437187
,95.0,-1.2136990198040394,12.02292696853049,39.69168660928967,13.83437982037959
,96.0,-1.22407166784717,12.011970727108851,39.70141727926901,13.84472327608008
,97.0,-1.2339265090549816,12.00192143118362,39.7103136008482,13.85419608483229
,98.0,-1.2432621581228886,11.99274000412252,39.718412964112815,13.86283647999515
,99.0,-1.2520772297463054,11.984387369293191,39.725752759148406,13.87068269492761
,100.0,-1.2603703386203051,11.976824450063361,39.73237037604052,13.87777296298858
,101.0,-1.2681400994401884,11.970012169800691,39.73830320487473,13.88414551753702
,102.0,-1.2753851269012557,11.96391145187288,39.74358863573658,13.88983859193185
,103.0,-1.2821040356988078,11.95848321964761,39.74826405871163,13.89489041953201
,104.0,-1.2882954405280316,11.95368839649255,39.75236686388543,13.89933923369644
,105.0,-1.2939579560843413,11.949487905775412,39.75593444134355,13.90322326778407
,106.0,-1.2990901970628101,11.945842670863883,39.75900418117154,13.90658075515383
,107.0,-1.3036907781588525,11.942713615125628,39.76161347345495,13.90944992916466
,108.0,-1.3077583140677689,11.940061661928349,39.76379970827935,13.9118690231755
,109.0,-1.3112914194847463,11.937847734639728,39.76560027573029,13.91387627054528
,110.0,-1.3142887091050852,11.93603275662745,39.76705256589333,13.91550990463294
,111.0,-1.3167487976239727,11.934577651259199,39.76819396885402,13.91680815879741
,112.0,-1.3186702997369366,11.933443341902679,39.76906187469792,13.91780926639762
,113.0,-1.3200518301389366,11.93259075192555,39.76969367351061,13.91855146079253
,114.0,-1.3208920035253868,11.931980804695518,39.770126755377596,13.91907297534104
,115.0,-1.3211894345914743,11.93157442358025,39.77039851038449,13.91941204340212
,116.0,-1.3209427380326133,11.931332531947449,39.77054632861681,13.91960689833468
,117.0,-1.320150528543877,11.931216053164817,39.77060760016012,13.91969577349765
,118.0,-1.3188114208207935,11.931185910599998,39.7706197151,13.91971690225
,119.0,-1.3166244370063396,11.938038595552651,39.763926218773534,13.91294381161044
,120.0,-1.3133025674441114,11.95844199968057,39.743998946820426,13.89277847356993
,121.0,-1.3088653791297702,11.992164146888712,39.71106772478017,13.85945178894573
,122.0,-1.3033324390588632,12.03897306108203,39.66536237819223,13.8131946585551
,123.0,-1.2967233142270516,12.09863676616548,39.607112732596065,13.75423798321529
,124.0,-1.28905757163011,12.17092328604402,39.53654861353116,13.68281266374357
,125.0,-1.280354778263586,12.2556006446226,39.453899846536984,13.59914960095719
,126.0,-1.2706345011232543,12.352436865806188,39.35939625715299,13.5034796956734
,127.0,-1.2599163072045485,12.461199973499719,39.25326767091866,13.39603384870947
,128.0,-1.2482197635032435,12.58165799160815,39.135743913373474,13.27704296088266
,129.0,-1.2355644370152277,12.713578944036461,39.00705481005688,13.14673793301021
,130.0,-1.2219698947357074,12.856730854689578,38.86743018650836,13.00534966590939
,131.0,-1.207455703660571,13.01088174747247,38.71709986826739,12.85310906039746
,132.0,-1.1920414307854799,13.175799646290079,38.55629368087344,12.69024701729168
,133.0,-1.175746643105981,13.35125257504737,38.38524144986597,12.5169944374093
,134.0,-1.1585909076178496,13.5370085576493,38.20417300078446,12.33358222156758
,135.0,-1.1405937913166326,13.732835618000829,38.01331815916837,12.14024127058377
,136.0,-1.121774861198105,13.938501780006899,37.812906750557175,11.93720248527514
,137.0,-1.1021536842578143,14.15377506757246,37.603168600490356,11.72469676645895
,138.0,-1.0817498274914215,14.378423504602482,37.38433353450736,11.50295501495244
,139.0,-1.0605828578945875,14.612215115001911,37.15663137814767,11.27220813157288
,140.0,-1.0386723424630873,14.8549179226757,36.92029195695078,11.03268701713754
,141.0,-1.0160378481923544,15.106299951528818,36.67554509645612,10.78462257246365
,142.0,-0.9926989420781638,15.36612922546621,36.42262062220317,10.52824569836848
,143.0,-0.9686751911162901,15.63417376839282,36.16174835973142,10.2637872956693
,144.0,-0.9439861623020533,15.910201604213615,35.89315813458032,9.991478265183353
,145.0,-0.9186514226314557,16.19398075683355,35.617079772289344,9.711549507727899
,146.0,-0.8926905391000446,16.485279250157582,35.33374309839798,9.424231924120198
,147.0,-0.8661230787032537,16.78386510809066,35.04337793844568,9.129756415177509
,148.0,-0.8389686084369714,17.089506354537733,34.74621411797191,8.828353881717089
,149.0,-0.8112466952968589,17.401971013403767,34.442481462516156,8.520255224556193
,150.0,-0.7829769062783498,17.721027108593717,34.13240979761788,8.205691344512081
,151.0,-0.7541788083773326,18.04644266401253,33.81622894881655,7.88489314240201
,152.0,-0.7248719685893548,18.377985703565162,33.494168741651634,7.558091519043238
,153.0,-0.6950759539099636,18.715424251156577,33.16645900166262,7.225517375253023
,154.0,-0.6648103313350475,19.058526330691716,32.83332955438897,6.887401611848624
,155.0,-0.634094667860154,19.407059966075543,32.49501022537014,6.543975129647295
,156.0,-0.6029485304808304,19.760793181213014,32.15173084014561,6.195468829466297
,157.0,-0.5713914861928515,20.119494000009084,31.803721224254858,5.842113612122887
,158.0,-0.5394431019918784,20.482930446368687,31.45121120323733,5.484140378434322
,159.0,-0.5071229448734584,20.85087054419681,31.094430602632528,5.121780029217859
,160.0,-0.4744505818332527,21.22308231739839,30.73360924797991,4.75526346529076
,161.0,-0.44144557986703603,21.599333789878383,30.368976964818938,4.384821587470277
,162.0,-0.40812750597046943,21.979392985541736,30.00076357868908,4.010685296573671
,163.0,-0.3745159271391003,22.36302792829343,29.62919891512983,3.6330854934182
,164.0,-0.34063041036858976,22.75000664203839,29.25451279968063,3.252253078821119
,165.0,-0.3064905226544852,23.14009715068159,28.87693505788097,2.868418953599689
,166.0,-0.272115830992675,23.533067478127975,28.496695515270304,2.481814018571166
,167.0,-0.23752590237859295,23.9286856482825,28.11402399738812,2.092669174552809
,168.0,-0.20274030380812746,24.32671968505013,27.729150329773873,1.701215322361871
,169.0,-0.16777860227671226,24.726937612335803,27.342304337967036,1.307683362815618
,170.0,-0.13266036478000842,25.129107454044487,26.95371584750709,0.9123041967313013
,171.0,-0.09740515831379071,25.53299723408114,26.563614683933498,0.5153087249261787
,172.0,-0.0620325498737202,25.938374976350698,26.17223067278572,0.11692784821751
,173.0,-0.026562106455344292,26.345008704758147,25.779793639603252,-0.2826075325774458
,174.0,0.008986604945562249,26.7526664432084,25.386533409925537,-0.6830665166414311
,175.0,0.044594017333565716,27.16111621560644,24.992679809292056,-1.084218203157191
,176.0,0.08024056371277766,27.57012604585722,24.598462663242284,-1.485831691307467
,177.0,0.11590667708765068,27.979463957865693,24.204111797315687,-1.887676080275002
,178.0,0.1515727904625237,28.388897975536803,23.80985703705174,-2.289520469242532
,179.0,0.18721933684173564,28.798196122775522,23.4159282079899,-2.691133957392811
,180.0,0.22282674922962542,29.20712642348679,23.02255513566965,-3.09228564390857
,181.0,0.25837546063053196,29.61545690157558,22.62996764563046,-3.492744627972558
,182.0,0.29384590404890787,30.02295558094681,22.23839556341179,-3.892280008767512
,183.0,0.3292185124889784,30.429390485505483,21.84806871455312,-4.290660885476182
,184.0,0.3644737189551961,30.83452963915652,21.459216924593917,-4.6876563572813
,185.0,0.39959195645189993,31.23814106580489,21.07207001907365,-5.08303552336562
,186.0,0.43455365798331513,31.63999278935553,20.68685782353179,-5.476567482911873
,187.0,0.4693392565537806,32.039852833713425,20.303810163507812,-5.868021335102805
,188.0,0.5039291851678627,32.4374892227835,19.923156864541163,-6.257166179121166
,189.0,0.5383038768296728,32.832669980470726,19.545127752171354,-6.643771114149688
,190.0,0.5724437645437774,33.225163130680066,19.169952651937834,-7.027605239371118
,191.0,0.606329281314288,33.61473669731645,18.797861389380046,-7.408437653968202
,192.0,0.6399408601457708,34.00115870428485,18.42908379003751,-7.786037457123671
,193.0,0.6732589340423374,34.384197175490215,18.063849679449664,-8.160173748020277
,194.0,0.7062639360085541,34.76362013483751,17.702388883155987,-8.530615625840763
,195.0,0.7389362990487598,35.13919560623168,17.344931226695962,-8.89713218976786
,196.0,0.7712564561671797,35.51069161357768,16.991706535609037,-9.259492538984322
,197.0,0.8032048403681529,35.87787618078046,16.64294463543468,-9.61746577267289
,198.0,0.8347618846560181,36.24051733174498,16.298875351712393,-9.970820990016296
,199.0,0.8659080220353417,36.59838309037621,15.959728509981609,-10.3193272901973
,200.0,0.8966236855102352,36.951241480579085,15.62573393578182,-10.66275377239863
,201.0,0.9268893080851512,37.298860526258565,15.297121454652501,-11.00086953580303
,202.0,0.9566853227645424,37.641008251319576,14.974120892133119,-11.33344367959323
,203.0,0.9859921625525203,37.97745267966714,14.656962073763122,-11.66024530295201
,204.0,1.0147902604535375,38.30796183520615,14.34587482508199,-11.98104350506208
,205.0,1.0430600494720466,38.63230374184161,14.04108897162921,-12.2956073851062
,206.0,1.070781962612159,38.95024642347844,13.74283433894424,-12.6037060422671
,207.0,1.0979364328784413,39.26155790402158,13.451340752566558,-12.90510857572751
,208.0,1.1245038932752323,39.566006207376034,13.166838038035632,-13.1995840846702
,209.0,1.150464776806757,39.86335935744672,12.88955602089092,-13.4869016682779
,210.0,1.1757995164773547,40.153385378138594,12.619724526671899,-13.76683042573335
,211.0,1.2004885452915914,40.43585229335664,12.35757338091804,-14.0391394562193
,212.0,1.2245122962534651,40.71052812700579,12.10333240916881,-14.30359785891849
,213.0,1.2478512023676558,40.977180902991,11.857231436963701,-14.55997473301365
,214.0,1.2704856966383886,41.23557864521722,11.619500289842161,-14.80803917768753
,215.0,1.2923962120697752,41.48548937758942,11.39036879334366,-15.04756029212288
,216.0,1.3135631816666091,41.72668112401254,11.17006677300768,-15.27830717550243
,217.0,1.333967038433002,41.95892190839156,10.95882405437366,-15.50004892700895
,218.0,1.3535882153732928,42.1819797546314,10.75687046298112,-15.71255464582514
,219.0,1.3724071454918203,42.39562268663703,10.564435824369491,-15.91559343113377
,220.0,1.3904042617930372,42.5996187283134,10.38174996407826,-16.10893438211757
,221.0,1.4075599972811688,42.79373590356548,10.209042707646898,-16.29234659795929
,222.0,1.4238547849606675,42.97774223629821,10.04654388061487,-16.46559917784167
,223.0,1.4392690578357588,43.15140575041657,9.89448330852165,-16.62846122094746
,224.0,1.453783248910895,43.31449446982547,9.753090816906692,-16.78070182645939
,225.0,1.4673777911904153,43.466776418429916,9.62259623130949,-16.92209009356021
,226.0,1.4800331176785448,43.60801962013482,9.503229377269498,-17.05239512143266
,227.0,1.4917296613798499,43.737992098845154,9.395220080326201,-17.17138600925948
,228.0,1.5024478552985556,43.85646187846588,9.298798166019061,-17.27883185622341
,229.0,1.5121681324388874,43.963196982901906,9.21419345988755,-17.37450176150718
,230.0,1.5208709258054114,44.05796543605827,9.141635787471131,-17.45816482429357
,231.0,1.528536668402353,44.14053526183987,9.081354974309289,-17.52959014376529
,232.0,1.5351457932340509,44.21067448415167,9.033580845941469,-17.5885468191051
,233.0,1.5406787333049579,44.268151126898616,8.99854322790716,-17.63480394949573
,234.0,1.5451159216192991,44.312733213985695,8.976471945745839,-17.66813063411993
,235.0,1.5484377911815272,44.34418876931785,8.96759682499695,-17.68829597216045
,236.0,1.5506247749959812,44.3622858168,8.9721476912,-17.6950690628
,237.0,1.5520849313949157,44.368057509899145,8.99026371710951,-17.68889689639482
,238.0,1.553240900543301,44.36281506903522,9.02177783113336,-17.67051861895093
,239.0,1.554094988193924,44.34674361854261,9.066460492291029,-17.64014156312579
,240.0,1.554649500099572,44.320028282755686,9.124082159601972,-17.59797306157686
,241.0,1.554906742013145,44.28285418600885,9.19441329208567,-17.54422044696159
,242.0,1.554869019687544,44.23540645263648,9.27722434876156,-17.47909105193746
,243.0,1.554538638875556,44.177870206972955,9.372285788649119,-17.40279220916192
,244.0,1.553917905330195,44.11043057335269,9.47936807076783,-17.31553125129243
,245.0,1.5530091248042481,44.03327267611004,9.59824165413714,-17.21751551098645
,246.0,1.551814603050616,43.946581639579406,9.728676997776528,-17.10895232090144
,247.0,1.5503366458219716,43.85054258809519,9.870444560705451,-16.99004901369487
,248.0,1.5485775588714432,43.745340645991746,10.023314801943368,-16.86101292202419
,249.0,1.546539647951704,43.6311609376035,10.187058180509762,-16.72205137854687
,250.0,1.5442252188157681,43.50818858726481,10.361445155424072,-16.57337171592037
,251.0,1.5416365772164227,43.37660871931007,10.54624618570579,-16.41518126680214
,252.0,1.5387760289065682,43.236606458073666,10.74123173037437,-16.24768736384965
,253.0,1.5356458796391053,43.08836692789,10.94617224844928,-16.07109733972036
,254.0,1.5322484351668209,42.93207525309344,11.16083819894998,-15.88561852707173
,255.0,1.5285860012425019,42.767916558018364,11.38500004089594,-15.69145825856121
,256.0,1.5246608836192763,42.59607596699919,11.618428233306629,-15.48882386684628
,257.0,1.5204753880497037,42.41673860437028,11.860893235201502,-15.27792268458439
,258.0,1.516031820286912,42.230089594466044,12.112165505600041,-15.058962044433
,259.0,1.5113324860835746,42.03631406162085,12.37201550352169,-14.83214927904958
,260.0,1.5063796911927056,41.83559713016909,12.640213687985929,-14.59769172109158
,261.0,1.501175741367092,41.62812392444515,12.916530518012229,-14.35579670321646
,262.0,1.4957229423595209,41.41407956878341,13.200736452620031,-14.10667155808169
,263.0,1.4900235999230063,41.19364918751828,13.492601950828822,-13.85052361834473
,264.0,1.4840800198103352,40.96701790498413,13.79189747165807,-13.58756021666303
,265.0,1.477894507774522,40.734370845515336,14.098393474127219,-13.31798868569406
,266.0,1.4714693695680126,40.49589313344631,14.411860417255772,-13.04201635809527
,267.0,1.4648069109441622,40.25176989311143,14.73206876006315,-12.75985056652414
,268.0,1.457909437655644,40.00218624884507,15.05878896156883,-12.47169864363812
,269.0,1.450779255455359,39.747327324981626,15.39179148079231,-12.17776792209466
,270.0,1.4434186700960936,39.48737824585549,15.73084677675301,-11.87826573455124
,271.0,1.4358299873307487,39.22252413580105,16.075725308470428,-11.57339941366531
,272.0,1.428015512912225,38.95295011915269,16.42619753496401,-11.26337629209434
,273.0,1.4199775525933092,38.6788413202448,16.782033915253237,-10.94840370249578
,274.0,1.411718412126902,38.40038286341175,17.143004908357568,-10.62868897752709
,275.0,1.403240397265904,38.11775987298794,17.508880973296463,-10.30443944984574
,276.0,1.3945458137632158,37.831157473307755,17.8794325690894,-9.97586245210918
,277.0,1.3856369673716245,37.54076078870559,18.25443015475583,-9.64316531697488
,278.0,1.3765161638440304,37.24675494351581,18.633644189315223,-9.306555377100295
,279.0,1.3671857089332207,36.949325062072845,19.016845131787058,-8.966239965142892
,280.0,1.3576479083922095,36.64865626871102,19.40380344119077,-8.622426413760127
,281.0,1.3479050679737838,36.34493368776478,19.794289576545857,-8.275322055609461
,282.0,1.3379594934307306,36.03834244356849,20.188073996871776,-7.925134223348356
,283.0,1.3278134905159504,35.72906766045652,20.584927161187977,-7.572070249634272
,284.0,1.3174693649824576,35.41729446276328,20.98461952851394,-7.216337467124669
,285.0,1.306929422583039,35.10320797482315,21.38692155786913,-6.85814320847701
,286.0,1.2961959690704816,34.78699332097051,21.791603708273005,-6.497694806348754
,287.0,1.2852713101977997,34.468835625539754,22.198436438745027,-6.135199593397362
,288.0,1.2741577517176665,34.14892001286527,22.607190208304672,-5.770864902280296
,289.0,1.2628575993830964,33.82743160728145,23.01763547597141,-5.404898065655018
,290.0,1.2513731589468762,33.50455553312266,23.429542700764696,-5.037506416178984
,291.0,1.2397067361620202,33.18047691472331,23.84268234170399,-4.668897286509656
,292.0,1.227860636781088,32.85538087641777,24.256824857808773,-4.299278009304498
,293.0,1.2158371665573213,32.52945254254045,24.671740708098515,-3.928855917220966
,294.0,1.2036386312432796,32.20287703742571,25.087200351592653,-3.557838342916527
,295.0,1.1912673365919773,31.875839485407948,25.50297424731067,-3.186432619048639
,296.0,1.1787255883562011,31.548525010821553,25.91883285427203,-2.814846078274761
,297.0,1.1660156922889655,31.221118738000914,26.334546631496206,-2.443286053252353
,298.0,1.1531399541430574,30.8938057912804,26.749886038002643,-2.07195987663888
,299.0,1.1401006796712636,30.56677129499444,27.16462153281084,-1.701074881091797
,300.0,1.1269001746263712,30.24020037347737,27.578523574940228,-1.330838399268572
,301.0,1.113540744761508,29.914278151063613,27.99136262341029,-0.9614577638266599
,302.0,1.100024695829461,29.589189752087535,28.402909137240485,-0.5931403074235249
,303.0,1.0863543335830173,29.265120300883545,28.812933575450295,-0.2260933627166235
,304.0,1.0725319637750772,28.942254921786002,29.221206397059156,0.1394757376365785
,305.0,1.0585598921585415,28.62077873912932,29.627498061086563,0.5033596609786226
,306.0,1.0444404244861971,28.300876877247862,30.031579026551956,0.8653510746520467
,307.0,1.0301758665109446,27.982734460476035,30.433219752474823,1.225242645999394
,308.0,1.0157685239857983,27.66653661314821,30.83219069787461,1.582827042363199
,309.0,1.0012207026633178,27.35246845959879,31.228262321770792,1.937896931086001
,310.0,0.9865347082966309,27.040715124162148,31.62120508318285,2.29024497951035
,311.0,0.9717128466385248,26.731461731172686,32.010789441130214,2.639663854978764
,312.0,0.9567574234417862,26.424893404964763,32.39678585463238,2.985946224833805
,313.0,0.9416707444594294,26.121195269872796,32.7789647827088,3.328884756418002
,314.0,0.9264551154441278,25.82055245023116,33.15709668437894,3.66827211707389
,315.0,0.9111128421488957,25.523150070374236,33.53095201866226,4.003900974144013
,316.0,0.8956462303266335,25.229173254636425,33.90030124457823,4.335563994970904
,317.0,0.8800575857301283,24.938807127352103,34.264914821146334,4.663053846897117
,318.0,0.8643492141120532,24.652236812855673,34.62456320738603,4.986163197265178
,319.0,0.84852342122565,24.369647435481497,34.97901686231676,5.304684713417632
,320.0,0.832582512823592,24.09122411956397,35.328046244958,5.618411062697017
,321.0,0.8165287946587796,23.81715198943749,35.67142181432923,5.927134912445869
,322.0,0.8003645724839998,23.547616169436424,36.0089140294499,6.230648930006737
,323.0,0.784092152052267,23.28280178389519,36.34029334933949,6.528745782722147
,324.0,0.767713839116368,23.02289395714816,36.66533023301744,6.82121813793464
,325.0,0.7512319394290898,22.768077813529707,36.98379513950325,7.107858662986771
,326.0,0.7346487587434467,22.518538477374225,37.29545852781635,7.388460025221065
,327.0,0.7179666028121119,22.274461073016116,37.60009085697624,7.662814891980062
,328.0,0.7011877773880997,22.036030724789747,37.897462586002355,7.930715930606304
,329.0,0.6843145882243107,21.803432557029517,38.187344173914184,8.191955808442334
,330.0,0.6673493410735318,21.576851694069827,38.469506079731175,8.446327192830672
,331.0,0.6502943416886637,21.356473260245018,38.7437187624728,8.693622751113892
,332.0,0.6331518958224933,21.142482379889532,39.00975268115853,8.933635150634498
,333.0,0.6159243092279212,20.935064177337722,39.26737829480782,9.166157058735049
,334.0,0.598613887657848,20.734403776923966,39.516366062440156,9.390981142758093
,335.0,0.5812229368650605,20.54068630298268,39.75648644307498,9.60790007004615
,336.0,0.5637537626025733,20.35409687984824,39.98750989573176,9.81670650794176
,337.0,0.546208670623173,20.17482063185505,40.20920687942997,10.01719312378746
,338.0,0.5285899666797604,20.00304268333745,40.421347853189076,10.20915258492581
,339.0,0.5108999565251224,19.83894815862988,40.62370327602852,10.39237755869932
,340.0,0.4931409459122733,19.68272218206668,40.816043606967824,10.56666071245057
,341.0,0.4753152405937726,19.53454987798228,40.9981393050264,10.73179471352206
,342.0,0.457425146322862,19.39461637071104,41.16976082922372,10.88757222925634
,343.0,0.43947296885221476,19.26310678458734,41.33067863857926,11.03378592699596
,344.0,0.42146101393461777,19.1402062439456,41.4806631921125,11.17022847408345
,345.0,0.40339158732308533,19.02609987312018,41.619484948842896,11.29669253786136
,346.0,0.3852669947704044,18.920972796445483,41.7469143677899,11.41297078567221
,347.0,0.3670895420294755,18.82501013825588,41.86272190797298,11.51885588485855
,348.0,0.3488615348531994,18.73839702288575,41.96667802841163,11.61414050276294
,349.0,0.33058527899436285,18.66131857466951,42.05855318812527,11.69861730672788
,350.0,0.31226308020598026,18.593959917941522,42.1381178461334,11.77207896409594
,351.0,0.29389724424061114,18.53650617703621,42.20514246145547,11.83431814220963
,352.0,0.2754900768513835,18.489142476287917,42.25939749311096,11.88512750841152
,353.0,0.2570438837910842,18.45205394003105,42.30065340011931,11.92429973004413
,354.0,0.23856097081272765,18.4254256926,42.3286806415,11.95162747445
,355.0,0.21889539626590704,18.39769715316265,42.34343196511411,11.97286740597573
,356.0,0.19695635304674397,18.3574650297334,42.34528761608212,11.99391129317436
,357.0,0.1728288487269083,18.305150379916427,42.33465929931259,12.01475445969808
,358.0,0.1465978908784109,18.24117426131588,42.311958719714085,12.0353922291991
,359.0,0.11834848707314904,18.16595773153592,42.27759758219512,12.0558199253296
,360.0,0.08816564488279255,18.07992184818073,42.23198759166431,12.07603287174179
,361.0,0.05613437187923864,17.983487668854437,42.1755404530302,12.09602639208788
,362.0,0.022339675634498235,17.87707625116123,42.108667871201334,12.11579581002005
,363.0,-0.013133436279758826,17.761108652705268,42.03178155108629,12.13533644919051
,364.0,-0.05019995629152163,17.63600593109068,41.94529319759362,12.15464363325147
,365.0,-0.08877487682912033,17.50218914392166,41.84961451563188,12.17371268585511
,366.0,-0.12877319032043033,17.36007934880237,41.745157210109625,12.19253893065363
,367.0,-0.17010988919378178,17.21009760333697,41.63233298593545,12.21111769129924
,368.0,-0.21269996587727746,17.052664965129587,41.51155354801787,12.22944429144414
,369.0,-0.2564584127992475,16.88820249178443,41.38323060126547,12.24751405474052
,370.0,-0.3013002223874537,16.71713124090563,41.24777585058681,12.26532230484059
,371.0,-0.3471403870702261,16.539872270097348,41.10560100089043,12.28286436539654
,372.0,-0.39389389927566754,16.356846636963773,40.95711775708491,12.30013556006057
,373.0,-0.44147575143199447,16.16847539910905,40.80273782407881,12.31713121248488
,374.0,-0.48980093596730967,15.97517961413732,40.64287290678068,12.33384664632168
,375.0,-0.5387844453097159,15.777380339652769,40.47793471009909,12.35027718522316
,376.0,-0.5883412718874297,15.575498633259562,40.30833493894258,12.36641815284151
,377.0,-0.6383864081286674,15.369955552561832,40.13448529821973,12.38226487282895
,378.0,-0.6888348464613046,15.16117215516377,39.956797492839094,12.39781266883766
,379.0,-0.7396015793136712,14.949569498669522,39.77568322770924,12.41305686451986
,380.0,-0.7906015991139839,14.73556864068325,39.59155420773871,12.42799278352773
,381.0,-0.8417498982902316,14.519590638809118,39.40482213783608,12.44261574951348
,382.0,-0.8929614692705172,14.302056550651288,39.21589872290989,12.4569210861293
,383.0,-0.9441513044831709,14.08338743381392,39.02519566786872,12.4709041170274
,384.0,-0.9952343963561816,13.86400434590117,38.83312467762113,12.48456016585998
,385.0,-1.046125737317766,13.644328344517232,38.64009745707567,12.49788455627922
,386.0,-1.0967403197961403,13.424780487266199,38.4465257111409,12.51087261193735
,387.0,-1.1469931362192938,13.20578183175231,38.25282114472539,12.52351965648654
,388.0,-1.1967991790153292,12.98775343557967,38.05939546273769,12.53582101357901
,389.0,-1.2460734406125766,12.771116356352461,37.866660370086365,12.54777200686695
,390.0,-1.2947309134390252,12.556291651674842,37.67502757167996,12.55936796000256
,391.0,-1.3426865899228915,12.343700379150981,37.48490877242706,12.57060419663804
,392.0,-1.389855462492278,12.133763596385029,37.29671567723621,12.58147604042559
,393.0,-1.4361525235754016,11.926902360981169,37.11085999101597,12.5919788150174
,394.0,-1.481492765600251,11.723537730543528,36.92775341867491,12.60210784406569
,395.0,-1.5257911809951565,11.524090762676279,36.74780766512158,12.61185845122265
,396.0,-1.568962762188221,11.328982514983602,36.57143443526454,12.62122596014047
,397.0,-1.6109225016074333,11.13863404506964,36.399045434012365,12.63020569447136
,398.0,-1.6515853916811238,10.95346641053857,36.23105236627359,12.63879297786751
,399.0,-1.6908664248372816,10.773900668994528,36.06786693695679,12.64698313398113
,400.0,-1.728680593504123,10.6003578780417,35.90990085097052,12.65477148646441
,401.0,-1.7649428901098645,10.43325909528423,35.75756581322333,12.66215335896955
,402.0,-1.7995683070824953,10.27302537832629,35.61127352862381,12.66912407514876
,403.0,-1.8324718368503454,10.120077784772041,35.4714357020805,12.67567895865423
,404.0,-1.863568471841404,9.974837372225622,35.33846403850196,12.68181333313817
,405.0,-1.892773204483774,9.837725198291231,35.21277024279675,12.68752252225276
,406.0,-1.9200010272056716,9.70916232057302,35.09476601987344,12.69280184965021
,407.0,-1.9451669324353134,9.58956979667512,34.98486307464058,12.69764663898273
,408.0,-1.9681859126006884,9.479368684201729,34.883473112006726,12.7020522139025
,409.0,-1.988972960130127,9.37898004075699,34.79100783688045,12.70601389806173
,410.0,-2.0074430674515042,9.28882492394506,34.7078789541703,12.70952701511262
,411.0,-2.0235112269932642,9.20932439137011,34.63449816878485,12.71258688870737
,412.0,-2.0370924311832823,9.1408995006363,34.57127718563264,12.71518884249817
,413.0,-2.0481016724498886,9.08397130934779,34.51862770962225,12.71732820013723
,414.0,-2.056453943221186,9.038960875108751,34.47696144566223,12.71900028527674
,415.0,-2.062064235925277,9.006289255523338,34.446690098661136,12.7202004215689
,416.0,-2.0648475429902646,8.986377508195691,34.42822537352755,12.72092393266593
,417.0,-2.0647188568443653,8.97964669073,34.42197897517,12.72116614222
,418.0,-2.0607368904128407,8.988725705213021,34.4299065082851,12.72059040153604
,419.0,-2.0521354757263452,9.015533948695051,34.45326758021757,12.71886681576126
,420.0,-2.0390922838719234,9.05942822122549,34.49142989984809,12.7160008393113
,421.0,-2.0217849859359376,9.119765322853791,34.543761176057416,12.71199792660181
,422.0,-2.0003912530053185,9.195902053629359,34.609629117726236,12.70686353204844
,423.0,-1.9750887561667696,9.28719521360162,34.68840143373528,12.70060311006683
,424.0,-1.9460551665069943,9.393001602820009,34.77944583296525,12.69322211507262
,425.0,-1.913468155112696,9.512678021333938,34.88213002429688,12.68472600148147
,426.0,-1.8775053930706918,9.64558126919283,34.99582171661087,12.67512022370902
,427.0,-1.8383445514675714,9.791068146446111,35.119888618787954,12.66441023617092
,428.0,-1.796163301390152,9.948495453143229,35.25369843970883,12.6526014932828
,429.0,-1.7511393139251368,10.11721998933357,35.39661888825421,12.63969944946032
,430.0,-1.703450260159343,10.296598555066591,35.54801767330483,12.62570955911912
,431.0,-1.6532738111792469,10.4859879503917,35.707262503741404,12.61063727667485
,432.0,-1.6007876380718926,10.68474497535831,35.873721088444626,12.59448805654316
,433.0,-1.5461694119237563,10.892226430015869,36.04676113629525,12.57726735313969
,434.0,-1.4895968038216552,11.107789114413789,36.22575035617395,12.55898062088008
,435.0,-1.4312474848522925,11.3307898286015,36.410056456961456,12.53963331417998
,436.0,-1.3712991261024854,11.560585372628422,36.5990471475385,12.51923088745504
,437.0,-1.3099293986588236,11.79653254654397,36.79209013678579,12.49777879512091
,438.0,-1.2473159736081243,12.037988150397592,36.988553133584034,12.47528249159322
,439.0,-1.1836365220370908,12.28430898423869,37.18780384681395,12.45174743128763
,440.0,-1.1190687150324266,12.53485184811668,37.38920998535626,12.42717906861979
,441.0,-1.053790223680835,12.788973542081031,37.59213925809167,12.40158285800532
,442.0,-0.9879787190690195,13.04603086618112,37.79595937390092,12.3749642538599
,443.0,-0.9218118722837971,13.305380620466401,38.00003804166468,12.34732871059914
,444.0,-0.8554673544118714,13.56637960498628,38.20374297026372,12.31868168263872
,445.0,-0.7891228365399456,13.828384619790182,38.406441868578725,12.28902862439427
,446.0,-0.7229559897547233,14.090752464927549,38.60750244549041,12.25837499028143
,447.0,-0.6571444851429078,14.352839940447799,38.8062924098795,12.22672623471585
,448.0,-0.5918659937913162,14.614003846400339,39.00217947062672,12.19408781211319
,449.0,-0.527298186786652,14.873600982834608,39.19453133661275,12.16046517688907
,450.0,-0.4636187352155048,15.130988149800029,39.38271571671835,12.12586378345916
,451.0,-0.40100531016480545,15.385522147346029,39.56610031982421,12.09028908623909
,452.0,-0.3396355827211437,15.636559775522022,39.74405285481106,12.05374653964452
,453.0,-0.2796872239712229,15.88345783437744,39.9159410305596,12.01624159809108
,454.0,-0.22133790500197392,16.12557312396171,40.081132555950546,11.97777971599442
,455.0,-0.16476529689998642,16.362262444324237,40.23899513986464,11.9383663477702
,456.0,-0.11014707075185015,16.59288259551449,40.38889649118257,11.89800694783404
,457.0,-0.0576608976443822,16.81679037758183,40.53020431878507,11.85670697060162
,458.0,-0.007484448664399679,17.03334259057574,40.662286331552835,11.81447187048855
,459.0,0.040204605101507696,17.241896034545597,40.78451023836662,11.77130710191051
,460.0,0.08522859256640913,17.441807509540872,40.89624374810709,11.72721811928311
,461.0,0.1274098426438286,17.63243381561093,40.99685456965499,11.68221037702203
,462.0,0.16657068424694899,17.81313175280526,41.08571041189104,11.63628932954289
,463.0,0.2025334462889532,17.983258121173243,41.16217898369594,11.58946043126135
,464.0,0.23512045768325152,18.142169720764322,41.22562799395042,11.54172913659305
,465.0,0.26415404734302683,18.28922335162791,41.27542515153519,11.49310089995364
,466.0,0.28945654418157574,18.42377581381343,41.31093816533097,11.44358117575877
,467.0,0.3108502771121948,18.545183907370323,41.33153474421846,11.39317541842407
,468.0,0.32815757504818066,18.652804432348002,41.336582597078404,11.3418890823652
,469.0,0.34120076690282986,18.74599418879589,41.32544943279149,11.2897276219978
,470.0,0.3498021815892116,18.82410997676341,41.297502960238454,11.23669649173752
,471.0,0.3537841480208499,18.8865085963,41.252110888299995,11.182801146
,472.0,0.3531287116173871,18.965026870513547,41.16189568502991,11.09843440725818
,473.0,0.3480497879407949,19.090695639778097,41.00172097504854,10.95551266763522
,474.0,0.3387175111167835,19.261662730042318,40.77431620208648,10.75632673602208
,475.0,0.32530201527140434,19.47607596725485,40.48241080987433,10.50316742130974
,476.0,0.30797343453025405,19.73208317736436,40.12873424214266,10.19832553238915
,477.0,0.2869019030194977,20.027832186319486,39.71601594262207,9.844091878151294
,478.0,0.2622575548649593,20.361470820068885,39.24698535504315,9.442757267487135
,479.0,0.2342105241924628,20.731146904561214,38.72437192313649,8.996612509287637
,480.0,0.20293094512794596,21.135008265745114,38.15090509063267,8.507948412443776
,481.0,0.16858895179734645,21.571202729569247,37.529314301262275,7.979055785846513
,482.0,0.13135467832648828,22.037878121982256,36.8623289987559,7.412225438386822
,483.0,0.09139825884130914,22.533182268932812,36.15267862684415,6.809748178955667
,484.0,0.04888982746774673,23.055262996369542,35.40309262925758,6.173914816444017
,485.0,0.0039995183316250404,23.602268130241114,34.61630044972681,5.507016159742845
,486.0,-0.04310253444111822,24.172345496496188,33.79503153198241,4.811343017743112
,487.0,-0.09224619672465906,24.7636429210834,32.94201531975499,4.089186199335792
,488.0,-0.14326133439305977,25.374308229951403,32.059981256775096,3.342836513411848
,489.0,-0.19597781332049635,26.002489249048853,31.151658786773364,2.574584768862254
,490.0,-0.25022549938080374,26.646333804324414,30.219777353480367,1.786721774577975
,491.0,-0.3058342584483853,27.303989721726722,29.267066400626675,0.981538339449977
,492.0,-0.36263395639718965,27.973604827204426,28.29625537194289,0.1613252723692331
,493.0,-0.4204544591013928,28.6533269467062,27.310073711159617,-0.671626617773291
,494.0,-0.479125632435057,29.341303906180677,26.31125086200742,-1.515026522086627
,495.0,-0.5384773422722446,30.035683531576517,25.302516268216905,-2.366583631679807
,496.0,-0.5983394544872453,30.73461364884237,24.286599373518648,-3.224007137661862
,497.0,-0.6585418349538941,31.436242083926885,23.266229621643234,-4.085006231141825
,498.0,-0.7189143495465942,32.13871666277873,22.24413645632127,-4.947290103228726
,499.0,-0.7792868641391806,32.84018521134654,21.223049321283344,-5.808567945031594
,500.0,-0.839489244605943,33.53879555557896,20.20569766026002,-6.666548947659468
,501.0,-0.89935135682083,34.23269552142467,19.19481091698191,-7.518942302221379
,502.0,-0.9587030666580176,34.92003293483231,18.193118535179597,-8.363457199826353
,503.0,-1.0173742399916819,35.59895562175051,17.203349958583665,-9.197802831583425
,504.0,-1.075194742695885,36.26761140812796,16.228234630924717,-10.01968838860162
,505.0,-1.1319944406446893,36.92414811991329,15.27050199593331,-10.82682306198999
,506.0,-1.1876031997123846,37.56671358305515,14.332881497340072,-11.61691604285754
,507.0,-1.2418508857728057,38.19345562350221,13.418102578875569,-12.38767652231332
,508.0,-1.2945673647001286,38.80252206720311,12.528894684270389,-13.13681369146636
,509.0,-1.3455825023684156,39.39206074010649,11.667987257255131,-13.86203674142568
,510.0,-1.3947261646519564,39.96021946816103,10.838109741560372,-14.56105486330033
,511.0,-1.4418282174246997,40.50514607731535,10.04199158091671,-15.23157724819932
,512.0,-1.4867185265608214,41.02498839351814,9.28236221905472,-15.87131308723171
,513.0,-1.5292269579344975,41.51789424271802,8.56195109970502,-16.4779715715065
,514.0,-1.5691833774196766,41.98201145086366,7.883487666598178,-17.04926189213274
,515.0,-1.606417650890421,42.4154878439037,7.24970136346478,-17.58289324021946
,516.0,-1.6407596442210206,42.81647124778681,6.663321634035409,-18.0765748068757
,517.0,-1.6720392232855374,43.18310948846161,6.127077922040691,-18.52801578321046
,518.0,-1.700086253958034,43.5135503918768,5.643699671211159,-18.93492536033282
,519.0,-1.7247306021125723,43.805941783981,5.2159163252774405,-19.29501272935178
,520.0,-1.7458021336234424,44.05843149072287,4.846457327970111,-19.60598708137638
,521.0,-1.763130714364479,44.269167338051034,4.538052123019792,-19.86555760751562
,522.0,-1.7765462102099718,44.436297151914175,4.293430154157019,-20.07143349887858
,523.0,-1.7858784870339832,44.55796875826096,4.1153208651123805,-20.22132394657429
,524.0,-1.7909574107106891,44.63232998304002,4.006453699616518,-20.31293814171175
,525.0,-1.7916128471139245,44.6575286522,3.969558101399997,-20.3439852754
,526.0,-1.7878346559284637,44.650662641920434,3.9817054521058672,-20.33447859490728
,527.0,-1.7798172847502656,44.63026488746373,4.017724855613011,-20.30627001592536
,528.0,-1.767697481321079,44.596635803402904,4.076982339005678,-20.25982673219861
,529.0,-1.7516119933825394,44.550075804310964,4.158843929368178,-20.19561593747139
,530.0,-1.731697568676509,44.49088530476092,4.262675653784779,-20.11410482548807
,531.0,-1.7080909549446233,44.419364719325785,4.38784353933973,-20.01576058999303
,532.0,-1.6809288999285172,44.33581446257857,4.533713613117328,-19.90105042473062
,533.0,-1.6503481513699398,44.24053494909229,4.69965190220185,-19.77044152344522
,534.0,-1.61648545701064,44.133826593439935,4.885024433677568,-19.62440107988118
,535.0,-1.579477564592139,44.015989810194526,5.089197234628752,-19.46339628778289
,536.0,-1.5394612218562997,43.887325013929086,5.311536332139692,-19.2878943408947
,537.0,-1.4965731765448709,43.74813261921662,5.5514077532946615,-19.09836243296098
,538.0,-1.450950176399374,43.59871304063011,5.808177525177932,-18.89526775772609
,539.0,-1.4027289691615579,43.43936669274261,6.081211674873771,-18.67907750893442
,540.0,-1.3520463025733989,43.270393990127104,6.36987622946646,-18.45025888033032
,541.0,-1.2990389243760774,43.09209534735659,6.6735372160402875,-18.20927906565815
,542.0,-1.2438435823116833,42.904771179004115,6.991560661679511,-17.9566052586623
,543.0,-1.1865970241217383,42.708721899642654,7.323312593468412,-17.69270465308712
,544.0,-1.127435997547991,42.50424792384523,7.668159038491272,-17.41804444267698
,545.0,-1.0664972503321906,42.29164966618487,8.025466023832369,-17.13309182117625
,546.0,-1.0039175302160857,42.07122754123455,8.39459957657597,-16.83831398232929
,547.0,-0.9398335849411978,41.84328196356732,8.774925723806362,-16.53417811988048
,548.0,-0.874382162249276,41.60811334775615,9.165810492607811,-16.22115142757417
,549.0,-0.807700009882069,41.36602210837408,9.566619910064599,-15.89970109915474
,550.0,-0.7399238755813258,41.11730865999411,9.976720003260992,-15.57029432836656
,551.0,-0.6711905070886814,40.86227341718924,10.39547679928128,-15.23339830895398
,552.0,-0.6016366521458849,40.6012167945325,10.82225632520972,-14.88948023466139
,553.0,-0.5313990584944577,40.33443920659687,11.256424608130608,-14.53900729923313
,554.0,-0.460614473876376,40.0622410679554,11.697347675128219,-14.18244669641359
,555.0,-0.38941964603316137,39.78492279318108,12.14439155328682,-13.82026561994713
,556.0,-0.317951322706449,39.50278479684691,12.59692226969067,-13.45293126357812
,557.0,-0.2463462516382151,39.21612749352591,13.05430585142409,-13.08091082105091
,558.0,-0.17474118056986754,38.92525129779109,13.515908325571312,-12.70467148610989
,559.0,-0.10327285724326885,38.63045662421546,13.981095719216642,-12.32468045249941
,560.0,-0.03207802940005422,38.33204388737204,14.44923405944434,-11.94140491396385
,561.0,0.03870655521814115,38.03031350183382,14.91968937333868,-11.55531206424757
,562.0,0.1089441488694547,37.72556588217382,15.39182768798396,-11.16686909709493
,563.0,0.1784980038123649,37.41810144296505,15.86501503046443,-10.77654320625031
,564.0,0.24723137230500924,37.10822059878053,16.33861742786437,-10.38480158545808
,565.0,0.3150075066057525,36.79622376419325,16.81200090726807,-9.99211142846259
,566.0,0.3816896589729595,36.48241135377624,17.2845314957598,-9.598939929008221
,567.0,0.4471410816647676,36.167083782102495,17.75557522042383,-9.205754280839333
,568.0,0.5112250269396554,35.850541463745024,18.224498108344434,-8.813021677700295
,569.0,0.573804747055874,35.53308481327686,18.690666186605906,-8.421209313335474
,570.0,0.6347434942716745,35.21501424527098,19.153445482292504,-8.030784381489239
,571.0,0.6939045208454218,34.89663017430043,19.61220202248851,-7.642214075905956
,572.0,0.7511510790352531,34.57823301493818,20.066301834278196,-7.255965590329993
,573.0,0.8063464210997608,34.26012318175727,20.51511094474585,-6.872506118505713
,574.0,0.8593537992969686,33.94260108933071,20.95799538097573,-6.492302854177487
,575.0,0.9100364658852413,33.62596715223149,21.39432117005213,-6.115822991089678
,576.0,0.9582576731229437,33.310521785032634,21.82345433905932,-5.743533722986657
,577.0,1.0038806732684407,32.996565402307155,22.244760915081567,-5.375902243612792
,578.0,1.0467687185799832,32.68439841862805,22.657606925203165,-5.013395746712444
,579.0,1.0867850613158225,32.374321248568336,23.061358396508364,-4.656481426029988
,580.0,1.1237929537342097,32.06663430670103,23.455381356081467,-4.305626475309785
,581.0,1.1576556480936233,31.761638007599135,23.83904183100673,-3.961298088296203
,582.0,1.1882363966522007,31.45963276583565,24.21170584836843,-3.623963458733611
,583.0,1.2153984516683067,31.160918995983618,24.572739435250863,-3.294089780366377
,584.0,1.2390050654001925,30.865797112616015,24.921508618738287,-2.972144246938864
,585.0,1.2589194901062228,30.574567530305877,25.257379425914984,-2.658594052195447
,586.0,1.2750049780446489,30.287530663626193,25.57971788386523,-2.353906389880482
,587.0,1.2871247814738354,30.004986927149968,25.88789001967329,-2.058548453738339
,588.0,1.2951421526520335,29.72723673545023,26.18126186042345,-1.77298743751339
,589.0,1.298920343837608,29.4545805031,26.459199433200002,-1.497690534949999
,590.0,1.298354922792896,29.176269126016802,26.727399763284378,-1.224434681366212
,591.0,1.293525817720706,28.881800076873226,26.991968229591834,-0.944915923640698
,592.0,1.2845728215399959,28.571843635374872,27.252883389657345,-0.659480122858762
,593.0,1.271635727169837,28.24707008122732,27.5101238010159,-0.3684731401057087
,594.0,1.2548543275291877,27.908149694136164,27.763668021202477,-0.07224083646684315
,595.0,1.2343684155366645,27.555752753807,28.013494607752058,0.2288709269725296
,596.0,1.2103177841115667,27.190549539945394,28.259582118199603,0.5345162891271051
,597.0,1.182842226172511,26.81321033225695,28.501909110080106,0.8443493889115784
,598.0,1.1520815346386826,26.424405410447253,28.740454140928545,1.158024365240645
,599.0,1.1181755024288123,26.0248050542219,28.975195768279896,1.475195357028999
,600.0,1.0812639224619716,25.615079543286463,29.206112549669136,1.795516503191336
,601.0,1.0414865876571184,25.19589915734655,29.433183042631253,2.118641942642351
,602.0,0.9989832909329834,24.76793417610772,29.6563858047012,2.44422581429674
,603.0,0.9538938252086382,24.331854879275593,29.875699393413985,2.771922257069197
,604.0,0.9063579834030406,23.888331546555733,30.09110236630457,3.101385409874419
,605.0,0.856515558435035,23.43803445765375,30.30257328090795,3.432269411627099
,606.0,0.804506343223693,22.981633892275205,30.51009069475907,3.764228401241933
,607.0,0.750470130687745,22.519800130125713,30.713633165392945,4.096916517633617
,608.0,0.6945467137462629,22.053203450910846,30.91317925034453,4.429987899716843
,609.0,0.636875885317977,21.5825141343362,31.10870750714882,4.76309668640631
,610.0,0.5775974383221865,21.10840246010737,31.300196493340792,5.095897016616712
,611.0,0.5168511656775081,20.631538707929916,31.4876247664554,5.428043029262743
,612.0,0.45477686030301356,20.152593157509457,31.67097088402766,5.7591888632591
,613.0,0.39151431511766077,19.672236088551564,31.850213403592512,6.088988657520476
,614.0,0.327203323040294,19.19113778076183,32.02533088268497,6.417096550961568
,615.0,0.26198367698987113,18.70996851384585,32.19630187883999,6.743166682497068
,616.0,0.19599516988535015,18.229398567509193,32.36310494959255,7.066853191041676
,617.0,0.1293775946455753,17.750098221457478,32.52571865247764,7.387810215510083
,618.0,0.0622707441896182,17.272737755396264,32.68412154503024,7.705691894816987
,619.0,-0.005185588563676902,16.797987449031158,32.83829218478532,8.020152367877081
,620.0,-0.07285161069546575,16.32651758206773,32.98820912927785,8.330845773605061
,621.0,-0.14058752928667673,15.858998434211586,33.13385093604283,8.637426250915624
,622.0,-0.2082535514183519,15.396100285168309,33.27519616261523,8.93954793872346
,623.0,-0.275709884171647,14.938493414643482,33.41222336653002,9.23686497594327
,624.0,-0.3428167346276041,14.486848102342703,33.54491110532219,9.529031501489746
,625.0,-0.40943430986737894,14.041834627971543,33.67323793652672,9.815701654277586
,626.0,-0.4754228169720136,13.604123271235599,33.797182417678556,10.09652957322148
,627.0,-0.5406424630224365,13.17438431184048,33.916723106312716,10.37116939723612
,628.0,-0.6049534550998033,12.75328802949174,34.03183855996418,10.63927526523622
,629.0,-0.6682160002852697,12.34150470389499,34.14250733616791,10.90050131613646
,630.0,-0.7302903056596506,11.93970461475581,34.24870799245887,11.15450168885153
,631.0,-0.7910365783043289,11.548558041779781,34.35041908637206,11.40093052229614
,632.0,-0.8503150253001195,11.16873526467252,34.44761917544246,11.63944195538497
,633.0,-0.9079858537282917,10.80090656313958,34.54028681720504,11.86969012703273
,634.0,-0.9639092706697738,10.44574221688657,34.62840056919477,12.0913291761541
,635.0,-1.0179454832057218,10.10391250561907,34.71193898894665,12.30401324166379
,636.0,-1.0699546984170638,9.776087709042669,34.79088063399565,12.50739646247649
,637.0,-1.1197971233850694,9.46293810686295,34.86520406187673,12.70113297750689
,638.0,-1.167332965190667,9.16513397878552,34.9348878301249,12.88487692566969
,639.0,-1.2124224309150122,8.88334560451597,34.999910496275106,13.05828244587957
,640.0,-1.2549257276391472,8.61824326375985,35.060250617862366,13.22100367705126
,641.0,-1.294703062444114,8.370497236222779,35.115886752421616,13.37269475809942
,642.0,-1.3316146424109547,8.14077780161033,35.166797457487874,13.51300982793877
,643.0,-1.365520674620825,7.9297552396281095,35.21296129059609,13.64160302548399
,644.0,-1.396281366154767,7.7380998299816905,35.25435680928125,13.75812848964978
,645.0,-1.4237569240937091,7.56648185237667,35.29096257107833,13.86224035935083
,646.0,-1.4478075555189207,7.41557158651864,35.32275713352232,13.95359277350184
,647.0,-1.4682934675113302,7.2860393121131715,35.349719054148196,14.03183987101751
,648.0,-1.4850748671520932,7.178555308865862,35.37182689049092,14.09663579081253
,649.0,-1.4980119615221383,7.09378985648231,35.38905920008549,14.14763467180159
,650.0,-1.5069649577027349,7.032413234668089,35.40139454046687,14.18449065289939
,651.0,-1.511794062774925,6.99509572312879,35.40881146917005,14.20685787302063
,652.0,-1.5123594838196368,6.982507601570001,35.41128854373,14.21439047108
,653.0,-1.5080597941366705,7.001914590408811,35.40770415712675,14.20289478335897
,654.0,-1.498518623461905,7.0591830666755015,35.39712691813188,14.16897192572819
,655.0,-1.483933763531013,7.152884294995399,35.379820707967724,14.11346820648616
,656.0,-1.464503006079326,7.281589539993929,35.35604940785659,14.03722993393133
,657.0,-1.4404241428426303,7.443870066296391,35.32607689902081,13.94110341636221
,658.0,-1.411894965556371,7.638297138528181,35.29016706268272,13.82593496207727
,659.0,-1.3791132659559935,7.863442021314661,35.24858378006464,13.69257087937499
,660.0,-1.3422768357771702,8.117875979281187,35.20159093238889,13.54185747655385
,661.0,-1.3015834667553463,8.40017027705314,35.1494524008778,13.37464106191233
,662.0,-1.2572309506260808,8.70889617925586,35.09243206675368,13.19176794374891
,663.0,-1.2094170791249326,9.042624950514721,35.03079381123888,12.99408443036208
,664.0,-1.1583396439873468,9.399927855455081,34.96480151555572,12.78243683005032
,665.0,-1.104196436948996,9.77937615870231,34.894719060926505,12.5576714511121
,666.0,-1.0471852497453256,10.17954112488178,34.82081032857358,12.3206346018459
,667.0,-0.9875038741118942,10.598994018618829,34.74333919971927,12.07217259055022
,668.0,-0.9253501017842609,11.03630610453884,34.66256955558588,11.81313172552352
,669.0,-0.8609217244979845,11.49004864726717,34.578765277395775,11.5443583150643
,670.0,-0.7944165339885103,11.95879291142919,34.49219024637123,11.26669866747102
,671.0,-0.7260323219913971,12.441110161650249,34.40310834373461,10.98099909104218
,672.0,-0.6559668802423175,12.93557166255573,34.31178345070821,10.68810589407624
,673.0,-0.5844180004767168,13.44074867877097,34.21847944851439,10.38886538487171
,674.0,-0.51158347443004,13.95521247492136,34.12346021837544,10.08412387172704
,675.0,-0.4376610938379599,14.47753431563225,34.026989641513715,9.774727662940732
,676.0,-0.3628486504359216,15.006285465529002,33.92933159915152,9.461523066811258
,677.0,-0.2873439359597114,15.54003718923698,33.830749972511185,9.145356391637101
,678.0,-0.21134474214443344,16.077360751381555,33.731508642815044,8.827073945716743
,679.0,-0.13504886072587396,16.61682741658808,33.6318714912854,8.50752203734866
,680.0,-0.058654083439591886,17.15700844948192,33.5321023991446,8.18754697483134
,681.0,0.01764179797896759,17.696475114688447,33.43246524761497,7.86799506646326
,682.0,0.09364099179424556,18.23379867683302,33.33322391791882,7.549712620542901
,683.0,0.16914570627056946,18.767550400540994,33.23464229127848,7.233545945368745
,684.0,0.24395814967260776,19.296301550437747,33.13698424891629,6.920341349239271
,685.0,0.3178805302646879,19.818623391148638,33.04051367205456,6.610945140452961
,686.0,0.3907150563113646,20.333087187299025,32.94549444191561,6.306203627308296
,687.0,0.46226393607696536,20.83826420351427,32.85219043972179,6.006963118103758
,688.0,0.532329377826045,21.33272570441975,32.760865546695406,5.714069921137827
,689.0,0.6007135898231581,21.81504295464081,32.67178364405877,5.428370344708981
,690.0,0.6672187803326324,22.283787218802825,32.58520861303423,5.150710697115705
,691.0,0.7316471576189088,22.737529761531164,32.50140433484412,4.881937286656479
,692.0,0.793800929946542,23.174841847451177,32.42063469071074,4.622896421629784
,693.0,0.8534823055799734,23.59429474118822,32.34316356185642,4.374434410334098
,694.0,0.9104934927836439,23.994459707367692,32.26925482950351,4.137397561067907
,695.0,0.9646366998218809,24.37390801061491,32.19917237487429,3.912632182129686
,696.0,1.0157141349594667,24.73121091555528,32.13318007919112,3.700984581817922
,697.0,1.063528006460615,25.06493968681414,32.07154182367632,3.503301068431091
,698.0,1.1078805225898805,25.373665589016852,32.01452148955221,3.320427950267677
,699.0,1.1485738916117043,25.655959886788803,31.962382958041115,3.153211535626157
,700.0,1.1854103217906413,25.91039384475533,31.91539011036537,3.00249813280502
,701.0,1.218192021391019,26.135538727541803,31.873806827747277,2.869134050102737
,702.0,1.2467211986772782,26.329965799773596,31.83789699140918,2.753965595817792
,703.0,1.2708000619139739,26.492246326076078,31.80792448257342,2.657839078248671
,704.0,1.2902308193656609,26.620951571074592,31.78415318246229,2.581600805693849
,705.0,1.3048156792965528,26.7146527993945,31.76684697229812,2.526097086451809
,706.0,1.3143568499713183,26.771921275661175,31.756269733303245,2.492174228821035
,707.0,1.3186565396542846,26.7913282645,31.7526853467,2.480678541100001
,708.0,1.3202307777312399,26.79131979446254,31.752683802709658,2.480682004123559
,709.0,1.3217203443019798,26.79126050420029,31.75267299477721,2.480706245288459
,710.0,1.323114573702128,26.79109957348851,31.752643658960594,2.480772042736044
,711.0,1.3244028002670802,26.79078618210239,31.752586531317707,2.480900174607657
,712.0,1.3255743583324602,26.790269509817158,31.75249234790644,2.481111419044641
,713.0,1.3266185822338912,26.78949873640806,31.752351844784737,2.481426554188339
,714.0,1.327524806306883,26.788423041650297,31.75215575801048,2.481866358180093
,715.0,1.328282364887059,26.786991605319106,31.751894823641596,2.482451609161246
,716.0,1.328880592309929,26.7851536071897,31.751559777735984,2.483203085273141
,717.0,1.3293088229110026,26.782858227037313,31.75114135635155,2.48414156465712
,718.0,1.3295563910259034,26.78005464463716,31.750630295546216,2.485287825454527
,719.0,1.329612630990141,26.776692039764466,31.750017331377872,2.486662645806703
,720.0,1.329466877139339,26.77271959219447,31.74929319990445,2.488286803854991
,721.0,1.329108463809007,26.768086481702372,31.748448637183845,2.490181077740735
,722.0,1.3285267253347683,26.76274188806342,31.747474379273978,2.492366245605278
,723.0,1.327710996052133,26.75663499105282,31.746361162232738,2.49486308558996
,724.0,1.3266506102966105,26.749714970445794,31.74509972211805,2.497692375836126
,725.0,1.3253349024038243,26.74193100601758,31.743680794987817,2.500874894485118
,726.0,1.3237532067092843,26.7332322775434,31.74209511689996,2.504431419678279
,727.0,1.3218948575487275,26.723567964798466,31.74033342391237,2.508382729556952
,728.0,1.3197491892574362,26.712887247558022,31.738386452082977,2.512749602262478
,729.0,1.317305536171034,26.701139305597266,31.73624493746967,2.517552815936202
,730.0,1.3145532326253715,26.688273318691436,31.733899616130365,2.522813148719466
,731.0,1.3114816129556175,26.67423846661576,31.731341224122982,2.528551378753611
,732.0,1.3080800114976228,26.65898392914545,31.728560497505413,2.534788284179982
,733.0,1.3043377625867834,26.64245888605574,31.725548172335582,2.541544643139921
,734.0,1.3002442005587227,26.62461251712185,31.72229498467139,2.548841233774771
,735.0,1.2957886597490642,26.605394002119006,31.718791670570752,2.556698834225873
,736.0,1.290960474493204,26.58475252082243,31.71502896609157,2.565138222634571
,737.0,1.2857489791267653,26.56263725300734,31.71099760729176,2.574180177142209
,738.0,1.2801435079853718,26.538997378448975,31.706688330229227,2.583845475890127
,739.0,1.2741333954044194,26.51378207692254,31.70209187096188,2.59415489701967
,740.0,1.267707975719759,26.48694052820327,31.697198965547628,2.605129218672179
,741.0,1.2608565832666727,26.45842191206639,31.69200035004439,2.616789218988998
,742.0,1.253568552380898,26.42817540828712,31.68648676051006,2.629155676111469
,743.0,1.2458332173978306,26.396150196640697,31.680648933002566,2.642249368180936
,744.0,1.2376399126532078,26.36229545690232,31.6744776035798,2.65609107333874
,745.0,1.2289779724824257,26.32656036884722,31.667963508299664,2.670701569726224
,746.0,1.2198367312211076,26.288894112250638,31.661097383220103,2.686101635484731
,747.0,1.210205523204877,26.249245866887776,31.653869964398986,2.702312048755604
,748.0,1.2000736827692435,26.207564812533874,31.646271987894245,2.719353587680185
,749.0,1.189430544249717,26.16380012896415,31.638294189763787,2.737247030399818
,750.0,1.178265441981921,26.117900995953832,31.629927306065525,2.756013155055845
,751.0,1.1665677103014787,26.06981659327813,31.62116207285735,2.775672739789608
,752.0,1.1543266835437862,26.01949610071229,31.61198922619719,2.796246562742451
,753.0,1.1415316960445807,25.966888698031514,31.602399502142948,2.817755402055716
,754.0,1.1281720821392582,25.911943565011036,31.592383636752523,2.840220035870745
,755.0,1.1142371761634422,25.854609881426086,31.581932366083855,2.863661242328883
,756.0,1.099716312452756,25.79483682705187,31.571036426194812,2.88809979957147
,757.0,1.0845988253427095,25.73257358166363,31.55968655314333,2.91355648573985
,758.0,1.0688740491688122,25.667769325036584,31.547873482987317,2.940052078975366
,759.0,1.052531318266574,25.60037323694595,31.53558795178467,2.96760735741936
,760.0,1.0355599669718458,25.530334497166965,31.522820695593314,2.996243099213175
,761.0,1.0179493296197961,25.457602285474835,31.509562450471144,3.025980082498155
,762.0,0.9996887405462758,25.382125781644792,31.49580395247607,3.05683908541564
,763.0,0.9807675340866808,25.303854165452066,31.481535937666017,3.088840886106975
,764.0,0.9611750445766347,25.222736616671877,31.46674914209888,3.122006262713501
,765.0,0.9409006063517609,25.13872231507945,31.45143430183257,3.156355993376563
,766.0,0.919933553747569,25.051760440449996,31.435582152925,3.191910856237501
,767.0,0.8982632210995689,24.96180017255876,31.419183431434078,3.22869162943766
,768.0,0.875878942743384,24.868790691180948,31.402228873417712,3.266719091118381
,769.0,0.8527700530145239,24.772681176091794,31.384709214933807,3.306014019421008
,770.0,0.8289258862486122,24.673420807066517,31.366615192040282,3.346597192486883
,771.0,0.8043357767810448,24.570958763880352,31.347937540795048,3.388489388457349
,772.0,0.7789890589476727,24.4652442263085,31.328666997256,3.431711385473749
,773.0,0.752875067083778,24.356226374126205,31.308794297481054,3.476283961677425
,774.0,0.7259831355250981,24.24385438710869,31.288310177528132,3.522227895209721
,775.0,0.6983025986070288,24.128077445031163,31.267205373455116,3.569563964211977
,776.0,0.6698227906653074,24.008844727668862,31.245470621319935,3.618312946825538
,777.0,0.6405330460353298,23.886105414797015,31.223096657180506,3.668495621191747
,778.0,0.6104226990528332,23.759808686190823,31.200074217094716,3.720132765451945
,779.0,0.5794810840532136,23.629903721625535,31.176394037120485,3.773245157747476
,780.0,0.5476975353719808,23.49633970087636,31.15204685331572,3.827853576219682
,781.0,0.5150613873449856,23.359065803718533,31.127023401738345,3.883978799009906
,782.0,0.48156197430751035,23.21803120992727,31.10131441844625,3.941641604259491
,783.0,0.4471886305952921,23.07318509927779,31.07491063949735,4.00086277010978
,784.0,0.4119306905438407,22.924476651545326,31.047802800949555,4.061663074702114
,785.0,0.37577748848866577,22.77185504650509,31.019981638860767,4.124063296177837
,786.0,0.3387183587652771,22.61526946393233,30.99143788928891,4.188084212678293
,787.0,0.30074263570941184,22.454669083602248,30.962162288291893,4.253746602344822
,788.0,0.261839653656466,22.29000308529007,30.93214557192761,4.321071243318769
,789.0,0.221998746942063,22.12122064877103,30.901378476253974,4.390078913741474
,790.0,0.1812092499017126,21.948270953820337,30.869851737328904,4.460790391754283
,791.0,0.13946049687115192,21.77110318021323,30.83755609121031,4.533226455498538
,792.0,0.0967418221856633,21.58966650772493,30.804482273956086,4.607407883115578
,793.0,0.053042560180983855,21.40391011613066,30.77062102162416,4.683355452746751
,794.0,0.008352045192737023,21.213783185205635,30.735963070272426,4.761089942533395
,795.0,-0.03734038844368115,21.019234894725084,30.7004991559588,4.840632130616857
,796.0,-0.08404540639264724,20.820214424464233,30.66422001474119,4.922002795138478
,797.0,-0.1317736743186515,20.616670954198312,30.627116382677507,5.005222714239599
,798.0,-0.18053585788607052,20.408553663702534,30.589178995825662,5.090312666061566
,799.0,-0.23034262275928086,20.195811732752123,30.550398590243557,5.177293428745718
,800.0,-0.2812046346027728,19.97839434112231,30.51076590198911,5.2661857804334
,801.0,-0.33313255908115025,19.756250668588315,30.470271667120223,5.357010499265955
,802.0,-0.38613706185856245,19.529329894925368,30.428906621694814,5.449788363384724
,803.0,-0.440228808599727,19.297581199908677,30.38666150177078,5.544540150931051
,804.0,-0.49541846496879316,19.06095376331348,30.343527043406038,5.641286640046278
,805.0,-0.5517166966304785,18.819396764915002,30.2994939826585,5.740048608871749
,806.0,-0.6091341692491596,18.572859384488453,30.254553055586065,5.840846835548806
,807.0,-0.6676815484890994,18.32129080180907,30.20869499824665,5.943702098218791
,808.0,-0.7273695000150155,18.06464019665207,30.161910546698167,6.048635175023048
,809.0,-0.7882086894910572,17.80285674879268,30.114190436998516,6.155666844102918
,810.0,-0.8502097825819419,17.535889638006125,30.065525405205612,6.264817883599745
,811.0,-0.9133834449519327,17.263688044067628,30.015906187377375,6.376109071654872
,812.0,-0.9777403422654061,16.986201146752407,29.96532351957169,6.48956118640964
,813.0,-1.0432911401870797,16.703378125835698,29.913768137846482,6.605195006005394
,814.0,-1.1100465043811027,16.415168161092716,29.861230778259667,6.723031308583476
,815.0,-1.1780171005121929,16.121520432298684,29.80770217686914,6.843090872285227
,816.0,-1.2472135942444993,15.822384119228829,29.75317306973281,6.965394475251991
,817.0,-1.317646651242626,15.517708401658371,29.69763419290859,7.08996289562511
,818.0,-1.3893269371709493,15.20744245936254,29.6410762824544,7.21681691154593
,819.0,-1.4622651176939598,14.891535472116562,29.583490074428138,7.345977301155789
,820.0,-1.5364718584761476,14.56993661969565,29.524866304887713,7.477464842596032
,821.0,-1.6119578251818893,14.242595081875027,29.46519570989103,7.611300314008002
,822.0,-1.6887336834755615,13.909460038429929,29.404469025496013,7.747504493533041
,823.0,-1.7668100990216544,13.570480669135577,29.342676987760562,7.886098159312493
,824.0,-1.8461977374846583,13.225606153767192,29.27981033274259,8.027102089487698
